0.0019417312809388387,9.134526358215143e-08,6.79793605330195e-11,1.2399687991511296e-10,3.705315327566088e-23,3.2281957377892025e-14,-1.1384196229627816e-20
0.0015834240234506316,1.6588314246244168e-07,7.567799048999202e-12,7.634403714456519e-12,3.577074018043874e-23,-2.518325179343118e-15,4.569306389428539e-23
0.0016075834282389327,2.0215807711532474e-07,1.0448644615155877e-11,7.937290223338704e-12,-6.221755761818188e-23,2.1645934033693895e-15,-3.6794844213642657e-23
0.001549526861563704,1.787118128919513e-07,1.8052004923642214e-11,1.7762145153086228e-11,8.488246820234075e-23,6.630803206000542e-15,3.0652183351258654e-22
0.0017014140786756765,1.2876103750190418e-07,1.3283081022419158e-11,8.161907769060508e-12,6.752629838473475e-23,-2.8930384239878154e-15,-5.159914265038535e-23
0.0020099935498762377,2.879829006896861e-08,5.083256909197168e-11,2.5432702697500976e-12,2.871712660181147e-23,-6.422034589931191e-17,3.397766277958147e-24
0.0019307839717008233,1.0070845806269143e-07,6.850127408881089e-11,1.5581605218626203e-10,1.732889102231026e-21,3.706391011535168e-14,-1.6004298288516787e-20
0.001561005676842862,1.5426704514635717e-07,1.3838388181481553e-11,3.624807361246413e-11,2.8201585057896207e-22,1.3619927613717535e-14,7.612820449982918e-22
0.0016332980367557886,1.3429543376735095e-07,1.17634255176097e-11,7.00151853842121e-11,1.3930465740848243e-22,2.5557668816583908e-14,-2.0045138131358223e-21
0.0017105435593390392,1.6303155990369595e-07,1.3922531082680392e-10,1.1556730599230137e-11,-4.552489432607621e-22,5.726933061983315e-16,8.741763486145891e-23
0.001593586593702661,1.970096908218526e-07,8.633955207139983e-12,5.0548084892205586e-12,-3.247889491301451e-23,9.913428625538004e-16,7.761913611369771e-24
0.0020528226765338382,6.341017892290556e-08,2.3910130117765805e-10,9.72724361267118e-12,-1.8820780331024498e-22,-2.4258581044126626e-15,-4.297010538984485e-22
0.0016414492309918837,1.1595280143338764e-07,6.095479251016707e-11,1.1728298056909638e-10,5.3474340138203914e-21,3.992543069598567e-14,8.351108777068092e-21
0.001600495780629337,7.317540763100217e-08,3.44405441825894e-11,7.0864914667117824e-12,4.8393065682268914e-23,-1.0393442765465494e-15,-9.957176382003667e-23
0.001716705926269119,1.1608630692840457e-07,7.389195382855469e-11,5.5419162915027595e-12,5.135693100883109e-23,-1.199507461299384e-15,-9.969686499890423e-23
0.0016172401877552235,1.22015140254028e-07,2.5784265700415297e-11,1.7267414565573408e-11,-3.05764278687327e-22,-6.0161630749756555e-15,-1.9813852228506148e-22
0.0015722766317117713,6.202584050481993e-08,2.7102766408062435e-11,1.2485683587508865e-11,-1.9579356637896471e-22,-7.831114663555231e-16,-1.200762111954775e-22
0.0015884864577536445,4.8196187818391806e-08,8.59976540629362e-12,5.1916978630272995e-11,9.543658346611565e-22,1.1136682234416903e-14,5.409244229277069e-22
0.001584827753299932,1.2700953847093165e-07,4.649552505302303e-12,7.392137373001284e-11,-1.4852735191925005e-22,2.6191865786434813e-14,-1.3623694691841506e-21
0.001654223047822302,5.44328917846165e-08,8.352355778588915e-12,1.8989718823707164e-11,-1.0176418437988776e-22,4.3734774802168696e-15,2.1642529878777044e-22
0.001720525775501614,1.2582286171195067e-07,4.25605453211066e-11,5.050269706578832e-12,7.327636733943292e-23,-1.7818376401225872e-15,-1.0617146785327125e-23
0.00192776713003607,1.2277656047860123e-08,5.177278997630055e-11,2.7528441684190413e-11,-4.459571961124728e-22,1.9025598765178117e-15,-9.387111502501414e-22
0.001941606327669907,1.941736269625729e-09,1.169679511848737e-10,3.2403765812319707e-11,-8.66730675637231e-23,1.0088451436117236e-15,-1.993041718060715e-21
0.0016974939187637994,1.262100474668285e-07,8.936118867867233e-11,2.599072078012426e-12,3.601579962390939e-23,-6.313878795344908e-16,-1.6486158068483975e-23
0.0015654862414730833,5.082792962100157e-08,4.080487764093197e-11,1.2757620191923694e-11,2.2080289772300842e-24,2.384853957358847e-15,-2.9107040307190423e-22
0.0014351098353422758,6.10084816070472e-08,1.655235749889897e-11,6.281735286621919e-11,1.8552134665001755e-21,1.3093909090085135e-14,8.131155299923665e-22
0.0016302319583888626,1.2974117755289645e-07,1.5231359379116664e-11,3.9206332591104484e-12,-1.2224249147655723e-23,-9.92154985728625e-16,2.7721706294742574e-23
0.0016290930439604825,2.1422780909860784e-07,9.089373502338342e-12,9.330371524744038e-12,-6.695645815524317e-23,3.2341435535830594e-15,-5.384976224542563e-23
0.0015530220002111727,1.6685206633607093e-07,7.69815492754609e-12,6.0663012352291146e-12,-1.0005230754832014e-23,-1.0847387726394412e-15,4.022972881316941e-23
0.0016019679207890383,1.486340009967029e-07,8.928500552991767e-12,4.961022817615951e-12,-3.012329945769797e-23,1.0192425158901744e-15,1.351857060006904e-23
0.001638456582423663,1.510893738593145e-07,3.875742720815435e-12,4.0249613291910364e-11,-4.966684467361258e-22,1.441714338614479e-14,-7.772209309952967e-23
0.0014427941750373373,6.085914587999296e-08,1.094970950379628e-11,5.049961034466868e-11,1.073676520182045e-21,9.501747305119163e-15,5.0731959247450645e-22
0.001614794480075797,8.716082663923276e-08,7.803403652546477e-11,6.137690833356579e-11,1.0295890809667862e-21,1.6929220653439358e-14,4.1209883964744564e-21
0.001588558344087098,1.0943142605147941e-07,9.049283413389041e-11,5.750261730968905e-12,3.103842162539893e-23,-1.843840426113471e-15,1.27446074333209e-22
0.0016215780858284741,2.3542981221114953e-07,1.3440656773284663e-11,5.941192122213094e-12,-5.30644406069824e-23,8.997732515859792e-16,1.6780880061028176e-24
0.0016219778547470372,2.4209594365692056e-07,1.4234627628304642e-11,6.7465497549973515e-12,-6.366274949354206e-23,1.1668622056138099e-15,-1.7837036605550562e-23
0.0017065930544793995,1.7845545344688515e-07,5.590049764483639e-11,2.0436935982306934e-11,-6.517293117200674e-22,4.971591893392518e-15,2.2892750630283843e-22
0.0017192592673028345,1.6566297879287318e-07,6.160331405477091e-11,1.563161402809547e-11,-4.615227007169796e-22,3.6130960609173445e-15,1.493095413572068e-22
0.0016527920220267352,1.5393742112973085e-07,1.4111618277124674e-10,3.103902029609144e-11,-8.4544379891232645e-22,4.549511186355789e-16,1.8721944107796273e-21
0.0015827051863294926,1.8227369995712389e-07,1.985644854083324e-11,1.6390186909102718e-11,6.047352626926793e-23,6.356127442404549e-15,2.894330771233183e-22
0.0019137763448031364,1.2166948648668458e-07,1.1776823562877942e-10,1.5974184776629957e-10,1.2859763388005041e-20,4.804173613478485e-14,-1.7739054656733975e-20
0.001933269252408947,8.48823732593295e-08,1.6749370399666287e-10,7.847944303466844e-11,6.960670113926434e-21,2.2573048176534927e-14,-5.701602795058777e-21
0.001572414726543477,5.763329743655126e-08,2.5227925960654357e-11,1.3912824689855513e-11,-2.530415683690446e-22,-7.219634055697e-16,-6.25321415458287e-23
0.0016003551826847167,1.6464842416007722e-07,1.3259509757140348e-11,3.716081388946144e-12,-2.0209640482849263e-23,5.923929191067396e-16,1.6492419707875172e-23
0.0015975169900795034,1.7734600241264034e-07,2.0640631333987422e-11,2.066259538237461e-11,1.2258822782656428e-22,8.222078250836177e-15,4.087279786323105e-22
0.0015764882475707979,5.0035972300349886e-08,4.267761183054783e-11,1.1961812721754161e-11,-1.6385647814323199e-23,2.2365902912528396e-15,-2.6977140955431997e-22
0.0014379976967906773,7.103363446256594e-08,3.6541198633027795e-13,2.1922808544934176e-11,6.157698263884765e-23,2.538726815515202e-15,-7.639991534570704e-24
0.0019500364903890953,9.589444934282522e-09,1.559686549794531e-10,1.280139910801894e-10,6.848707559925905e-21,1.2277536941312064e-14,-1.674193690192983e-20
0.0014230393317798892,6.335085804706599e-08,6.6749760116563146e-12,4.222436415384432e-11,6.302741752055062e-22,7.296345530838522e-15,3.2443479041009763e-22
0.0014270444032603166,5.816059593754293e-08,1.8637636740822332e-11,7.622701757453481e-11,2.527708881386205e-21,1.634881855116242e-14,1.3659056537837679e-21
0.0016100730248061108,1.8564869337504633e-07,1.0552395302096504e-11,2.1376536435197366e-12,7.375909619070812e-24,-9.132924054904102e-16,-6.976622807847205e-24
0.0015926606260253007,2.0512214887991615e-07,1.104414904519653e-11,1.5864498335179067e-11,-9.163214096205784e-23,6.1748728254482895e-15,-1.8894649683789745e-22
0.0015940005237237518,1.8940999132541642e-07,2.0566516337765808e-11,1.1374516390288502e-11,2.074874467829836e-23,4.377868134462082e-15,1.727304410647392e-22
0.0014401644611987427,5.372970803928716e-08,2.0634936048871383e-12,4.186746516018302e-11,3.5268470576004833e-22,6.4126157723768565e-15,1.6447155746580554e-22
0.0016053536284377033,1.2762033532491488e-07,5.256857763126207e-12,7.505320092712639e-11,-1.991987245542807e-22,2.6750844152234875e-14,-1.4774232676362072e-21
0.0016149456687610943,2.2583468319261804e-07,6.424763163206369e-12,3.2585413512638192e-12,2.6066168950454815e-24,-1.0379327623166608e-15,-1.4679887043209995e-23
0.0016055560610463756,2.39471731731316e-07,1.966988271155185e-11,1.570901334524504e-11,-1.1811933503748778e-22,5.984888720123653e-15,-2.4959835955028856e-22
0.0015771859640621793,1.2602705254472008e-07,5.292030043077739e-12,7.380532590292621e-11,-5.189415328806305e-23,2.6072374979872272e-14,-1.4576983879866047e-21
0.0015986055077034083,1.573407528841231e-07,2.189673559416537e-11,9.483804891120284e-12,2.4320241651521654e-23,-1.7627546154448507e-15,1.34485648833098e-22
0.0016593663240742984,1.464567059935003e-07,9.03544430923612e-12,4.107506531405036e-12,-5.643971841899906e-24,-1.3509358553639991e-15,2.4378353353018912e-23
0.0015761016936962804,6.425528110854279e-08,1.854403886540861e-11,1.1806423875859344e-11,-1.0636232081734088e-22,-9.216842716982655e-16,-1.3858316564195877e-22
0.0014381225327276203,5.381443817261374e-08,3.7075761097792644e-12,3.639391613610803e-11,4.1202365783362867e-22,5.073415221996807e-15,9.464596651051129e-23
0.00159953734553307,1.2250465382372655e-07,4.519444652887523e-12,9.2739706611818e-11,6.645588313998006e-22,3.244683829012014e-14,-1.778530371178989e-21
0.0015786138904464956,5.1041673355325504e-08,7.54356866859559e-11,2.457474730677832e-11,2.3835155297064727e-22,4.804899021282923e-15,-1.0308927779397961e-21
0.0016096237661683151,1.928464874342373e-07,6.9558870683520755e-12,2.5527747945185857e-12,-3.61641237894396e-25,-3.020600989961859e-16,1.0751014591050056e-23
0.0016226430480412184,9.021626333382092e-08,2.104700863110617e-11,1.0117857972895757e-11,-1.0683671340022356e-22,1.8919383446067233e-15,-1.0191122457459644e-22
0.0016081669536142456,7.126956455402199e-08,5.913034839070956e-11,1.6893292108415454e-11,-4.87496273973445e-22,8.719379905062077e-16,2.1775803659227603e-22
0.0015996751515055994,1.2528823597682014e-07,2.4959588565617784e-11,1.6056229513228064e-11,-3.171668134558718e-22,-5.6096521145944336e-15,-5.216647522164487e-23
0.0017137353039835,1.296477695551002e-07,5.443161778539899e-11,7.779436185062422e-12,-6.946364759746356e-23,-3.602423849016722e-16,-1.442278554340233e-22
0.0016087549848469264,1.349945005371282e-07,1.6816287370427827e-11,6.841852200167982e-11,-2.6262354874252854e-22,2.5006295132041924e-14,-2.305827576551395e-21
0.001604669618142717,8.239283791464111e-08,2.1153794121947427e-11,5.2383407261938095e-12,-3.153712617095185e-23,9.36139379284821e-16,-4.523362881619645e-23
0.0016357048098823456,1.201238285344919e-07,2.768364724946483e-11,1.0969538015713066e-12,-2.1593988238452795e-24,-2.1875388557005186e-16,-5.646119080752345e-24
0.001649525567850799,1.1512329653121086e-07,1.5935592872493606e-11,2.081814963406592e-12,1.199076451435119e-23,-7.062809939210677e-16,1.6825188731488033e-26
0.0018653206809469036,1.8013753368204705e-08,7.346672232791621e-11,1.489690482356136e-11,3.5553930465246313e-22,1.9490098714068905e-15,-3.4126903574492916e-22
0.0019257735285507273,1.0036488871197155e-07,6.568175018849293e-11,1.5562612346933737e-10,1.6928640044886326e-21,3.6793878917072426e-14,-1.5642918672027898e-20
0.0015925264489050214,1.6659069592863781e-07,1.193088420986911e-11,8.19245637209466e-12,-3.6279460502608015e-24,-1.5026263259755511e-15,8.091357880752255e-23
0.0016308377186008763,1.20498317487394e-07,1.9233811153420368e-11,1.0981042972915855e-12,2.8721259158447338e-24,-3.3814980422040276e-16,-4.149574408385888e-24
0.0019342744107313696,2.035137010191909e-07,1.6325101106219147e-10,6.78567971978159e-11,4.661778097888088e-21,2.588819428349361e-14,-5.4106884682164385e-21
0.0020437047568695765,8.389557036421854e-08,1.700497998792427e-10,6.689808313708692e-12,-1.6274969320869178e-22,-1.921159212456116e-15,-1.5628238663736425e-22
0.0017292861989225657,2.326647839697685e-07,4.202195005086843e-11,7.615689945804307e-12,1.2920367280223133e-22,-3.671218943341693e-15,-4.321483355074854e-23
0.0015907382944621734,1.2636790813407319e-07,6.7650498901281455e-12,7.408716947487954e-11,-2.982004640732357e-22,2.622496838287348e-14,-1.6316053946330716e-21
0.0016405647162484535,1.6124525653951664e-07,2.220032003109678e-12,3.413122053476984e-11,-2.88968900215424e-22,1.233650855361568e-14,-6.904558548161408e-23
0.0016447628218887722,1.4685793844632936e-07,9.569913693642603e-12,5.957572356125147e-12,-3.164596094512585e-23,-1.2356684333876686e-15,3.197018526604034e-23
0.0016243606139425383,1.3820514908396325e-07,1.249159129649823e-11,7.365075345061697e-11,-3.9255636294353017e-22,2.72785358861296e-14,-2.1991953697870403e-21
0.001608615751417243,9.969694428015591e-08,1.0367718141443548e-11,1.5576866501384345e-11,-1.7508215000896034e-22,4.6851422569116275e-15,9.236648617921139e-23
0.0019996438501915193,4.062318384885609e-08,6.12315736430988e-11,2.8997748246704164e-12,3.583188516388272e-23,2.295128219993548e-17,1.4460463858270166e-23
0.0016391844068147387,1.144580711687796e-07,6.102644114663892e-11,1.1623836045150405e-10,5.145882037598046e-21,3.932529561483691e-14,8.328519556652357e-21
0.0016345720923039908,1.5501655798693643e-07,2.7837756859394862e-12,3.0150366678882643e-11,-2.6051019800198863e-22,1.0817263399057411e-14,-9.182722713848392e-23
0.0016224806268698897,1.3495398305827068e-07,1.707823464067748e-11,6.840317227618017e-11,2.085738700005921e-23,2.5012604195718382e-14,-2.3378603729650373e-21
0.0015620822401897698,1.730340398358312e-07,1.680040281353768e-11,2.166332442591751e-11,1.0661355571630103e-22,8.150577570873326e-15,3.9929482533200467e-22
0.001913887295594129,7.361641910499202e-08,1.277946088807819e-10,1.1012736088905472e-10,-9.155525669665224e-21,2.8421242367542552e-14,-9.320004213199299e-21
0.001630359887485205,1.1626645079395958e-07,6.88662962252638e-12,3.4041577443667956e-11,-3.4310803576181103e-22,1.1131041832755476e-14,-3.92355920494594e-22
0.0017272865391243432,1.1764086536736494e-07,6.679519325476923e-11,4.595183917931533e-12,6.886255308185393e-23,-1.3914021820626755e-15,-4.17028312391039e-23
0.0016431827598197167,1.584977719086822e-07,2.3646252274235064e-11,6.325793156168399e-12,-7.675420958074172e-23,-1.1300967688271314e-15,9.715227512084408e-24
0.0017226309241377645,2.0600159721756403e-07,6.107722692879573e-11,1.690769009747498e-11,-5.0721262055658735e-22,3.887161310987255e-15,1.947975710143111e-22
0.001557139723595156,1.0365212537436794e-07,2.8881026895844044e-11,2.922427389395735e-11,5.603064400258204e-22,7.964620575673741e-15,-6.378909743197999e-22
0.0015453508927854042,5.6241131332320816e-08,3.693244453434048e-11,2.412979829488373e-11,3.346823352938544e-22,5.2336109280988556e-15,-6.378639041122326e-22
0.0016003690927110623,1.2368634450585535e-07,7.208615080588869e-12,7.61443692020718e-11,-2.8292622505018333e-22,2.669957166407191e-14,-1.7613714335142532e-21
0.0015948598399957515,7.987711916749202e-08,2.2323653975277962e-11,1.0994299608993878e-11,1.1475813341540684e-23,2.976751732037248e-15,-1.718572664806261e-22
0.0015534100548344066,9.124292566006642e-08,3.01325053004022e-11,2.586588254861126e-11,4.356055292786204e-22,6.6508766496952626e-15,-5.759367969500183e-22
0.001555377031104441,6.009943992337177e-08,3.468399030172013e-11,1.5438351842550515e-11,8.677948393075352e-23,3.2699385151603406e-15,-3.4654462380145308e-22
0.0015417064572207585,1.6629806224031543e-07,6.444598092722504e-12,5.375115295232546e-12,-1.2916540051008942e-23,-5.480725051477651e-16,2.887889200302403e-23
0.0015414286015542383,1.5952213849459184e-07,7.280239120736745e-12,6.774060225679768e-12,-2.9470052559052546e-23,-1.5471962624532412e-16,-3.734379458360611e-23
0.0014429023652964253,7.338647988641832e-08,2.1901559551959014e-13,1.9998836861257987e-11,3.008173890959651e-23,2.187497391430883e-15,-2.9101685028197315e-23
0.001622119328367266,9.56699466702621e-08,8.846218875428255e-11,8.460638471656095e-11,2.9637583193934984e-21,2.6044995326455206e-14,6.692663359843766e-21
0.0017103400591932882,1.090245306973994e-07,8.025971208954201e-11,6.1900193140504995e-12,-3.487639202856433e-23,-1.4518166756897994e-16,-1.3348987164312627e-22
0.001974521358380181,8.681797417338043e-08,1.3714159578760604e-10,8.405865491931197e-11,-7.263294169146137e-21,2.390810403844863e-14,-5.35717510818774e-21
0.0015774772097333337,1.68121287853118e-07,1.533752766310498e-11,2.6253043782968883e-11,1.298583884295537e-22,1.009610386092875e-14,5.105456275128185e-22
0.0015807669193281155,1.8265414410657012e-07,2.1580727218537225e-11,1.9625764296509523e-11,1.362056063640655e-22,7.81930271036453e-15,3.8024009650663646e-22
0.0016173436664079213,1.3735095708503845e-07,9.81320560666356e-12,4.210321071088492e-11,-7.861987476773758e-22,1.484161451810144e-14,-3.3809077728521034e-22
0.0016271051100381895,1.1501514342919047e-07,7.01748688809361e-11,2.7487948205583305e-12,-2.811558480274532e-23,3.821894609893316e-16,2.5826613236542432e-23
0.0016039550853869323,8.318257376462953e-08,1.9513464113611437e-11,4.616138659752615e-12,-2.2941748713311154e-23,1.0552370907358933e-15,-3.732425649977202e-23
0.0016181083299507356,1.336472080346732e-07,8.951955232029737e-12,4.417553318762844e-11,-7.9428587510981565e-22,1.5443140206815015e-14,-3.752815608747807e-22
0.0016204384118125997,1.2750808157507363e-07,7.778289224854491e-11,2.4060272262690465e-11,-9.422038942257283e-22,-5.260865608794522e-15,4.423166407384167e-22
0.0015467644232821393,7.128359505959859e-08,3.244656606741422e-11,2.2140362553050892e-11,2.911711113133876e-22,5.08253276614512e-15,-5.170739970251055e-22
0.0016131540794439452,1.3259788420820185e-07,1.1466852350733492e-11,7.411870085343245e-11,-4.44506868610522e-22,2.6861357198110114e-14,-2.114581252128482e-21
0.0014375917777497062,6.367331207714973e-08,2.0889762556609556e-11,6.829248894787479e-11,2.0890740700613897e-21,1.5305389479617756e-14,1.513044185193589e-21
0.0016328504478992961,1.1238052706941987e-07,4.5391256330872134e-11,2.0068160631269003e-11,-2.920187426738185e-22,-6.270604877802913e-15,5.306415436882255e-22
0.0018313827199988744,5.595525623046148e-09,7.927971175999827e-11,2.3494445129316904e-12,1.1741035456571187e-23,1.341330213213207e-16,-2.983790935020205e-23
0.0014226988810516926,6.307004288592992e-08,7.382226255513124e-12,4.372717781527437e-11,6.9116683635665485e-22,7.748040405425988e-15,3.7351148633624326e-22
0.0015617909118401565,1.4281925228465124e-07,1.7292797751446025e-11,1.0155388849684425e-11,-8.963087664476209e-23,6.926398825768317e-16,1.0038838263939716e-22
0.0016076691366224598,1.2473716371442152e-07,4.973555141912243e-11,1.9773256986574228e-11,-3.1576292855046355e-22,-2.7946083441130286e-15,5.33665062920062e-22
0.0015691464230962867,1.7167969257599718e-07,1.765051931641516e-11,2.449897408295138e-11,1.6072052025198022e-22,9.473865144332913e-15,4.834325715059466e-22
0.0019269375510890864,1.6143625035004644e-08,3.670190962864367e-11,1.0459793464088381e-11,-1.375771693926345e-22,9.643617646471244e-16,-1.5189918927345336e-22
0.0019024490493402355,7.010240976983257e-08,1.225600401807249e-10,1.2457330674047145e-10,-1.010691292888511e-20,3.144515128541048e-14,-1.1609582000802214e-20
0.0016481037468588494,1.4224101209680467e-07,1.1431738609826443e-10,3.332217092823694e-11,2.7085524481410837e-22,4.226688748098094e-15,2.0387159194549145e-21
0.0016064461006532987,1.7304175422751186e-07,1.2057460569186762e-11,1.5574824915920824e-11,-8.18457865316306e-23,5.6838631782936665e-15,1.9711708925647245e-22
0.0016063623552714217,1.3376891738610356e-07,1.5986221306651186e-11,7.044156088081481e-11,-4.0187086227172003e-22,2.5621291978966668e-14,-2.329419526880174e-21
0.001637043483029277,9.360529269797624e-08,3.4715757575861943e-11,1.1691325011538085e-11,1.1630227434476837e-22,-3.48687666674538e-15,2.0482041991819946e-22
0.0016033325202327677,6.331864951235241e-08,6.2326120713966425e-12,1.462384171477318e-11,-6.741575143637953e-23,1.3215496113972486e-15,-1.2225805654512842e-22
0.0016040080262440214,1.2243586252244556e-07,3.284725360989566e-11,1.7887090511288853e-11,-4.1970475649337316e-22,-6.195820255360801e-15,-1.0876922712623317e-22
0.0016382736710898681,1.358505214864989e-07,5.7850954091702166e-12,2.555105514020008e-11,-1.435378007433605e-22,8.955052244296266e-15,-2.7549784354329663e-22
0.001574244409467572,1.5389443140567864e-07,9.62556895365827e-12,1.539996665055878e-11,-1.3155571551665843e-22,5.5217393803185505e-15,-1.3359634835597813e-22
0.0016046626813711593,7.747599418139293e-08,2.2610477115917825e-11,2.0975794272232027e-12,-1.111720167795325e-23,5.208693286092378e-16,-9.223893309072025e-24
0.0016077801815690467,9.064477957884389e-08,7.687289370416381e-11,5.761207990641301e-11,1.0454329619244726e-21,1.631699204646763e-14,3.6887604164368216e-21
0.00164808181096756,1.2722875447449445e-07,1.042777202399259e-11,4.25092729398263e-12,1.2018328793298304e-23,-1.30599921936073e-15,2.562378379812415e-23
0.0019299852237325366,1.4391722368396388e-07,1.2133641269277965e-10,1.1326422224146516e-10,8.401407097993768e-21,3.8153847169035993e-14,-1.028218325386674e-20
0.001621164807712235,1.1374780556737952e-07,5.525324941122842e-11,1.7358366589032832e-11,-2.1989486263808525e-22,-5.6836330989934465e-15,4.905479573268554e-22
0.0015687198681685983,4.871056443801432e-08,5.7030358450887255e-11,1.9202809312572336e-11,1.3876988056191444e-22,3.7412613267821505e-15,-6.201408082714396e-22
0.001928741913246918,1.0036930738997412e-07,6.897326130575408e-11,1.5391362677286646e-10,1.8551929159051978e-21,3.682374331259664e-14,-1.5749387162426735e-20
0.001615404010983418,1.2261219824007539e-07,7.722823920063702e-12,5.149932901502252e-11,-9.756746775399627e-22,1.7271531157137524e-14,-3.2075687020446337e-22
0.0017122491083669503,1.6265364020769996e-07,1.9350107145459465e-11,8.22016510318706e-12,-4.5163535915972374e-23,-9.576075848581339e-16,-9.331767860712701e-23
0.0016097033995420228,1.3302421373149098e-07,1.5639275571013354e-11,7.10360506509607e-11,-8.588725028442239e-23,2.5823694437076028e-14,-2.366140931630071e-21
0.0016872307097504703,1.2444085430071858e-07,1.7926224435090606e-11,6.9867821699507105e-12,7.608448786364837e-23,-2.4608207812440887e-15,-1.8029985735447175e-23
0.0016515602391097292,1.5526537417018847e-07,2.3280798555738966e-11,6.099221036862849e-11,1.632176471356344e-22,2.3897749776606244e-14,-2.292517131464578e-21
0.0016411969778020242,1.2592861527063994e-07,7.188366273520406e-12,4.397121889418341e-11,-4.973026503574066e-22,1.340239209813963e-14,6.031774534448753e-22
0.001433438099228686,6.072093130115789e-08,2.230526945119178e-11,8.381990839715295e-11,3.1781847810875615e-21,1.8701457201773297e-14,1.7420431723601433e-21
0.0016373679241982893,1.3316362563954612e-07,4.062536773420971e-12,2.974617985410277e-11,-1.838337544866105e-22,1.0275301815054397e-14,-2.704311700178481e-22
0.0015941345290614519,1.227242875491356e-07,3.9688341022912985e-12,7.665319710562381e-11,-1.8573889658540104e-23,2.679307506732548e-14,-1.3368570481093066e-21
0.0015733038245118666,1.4385234146334847e-07,1.8076074445994305e-11,1.10766852879006e-11,-9.701760896971365e-23,6.712903349853038e-16,1.2309969124849007e-22
0.0016140141619808421,2.1970992903471483e-07,7.245412499824472e-12,4.000535114226606e-12,-1.7156003030952438e-23,2.073510996705561e-16,1.3021677572685287e-23
0.0016270052817350888,1.8527056109700744e-07,6.299734088266407e-11,8.375042143636592e-12,-1.5691626292389252e-22,-1.1320667493485368e-15,-1.1128445675831818e-22
0.001431477633069112,6.607448454704893e-08,2.4231583250248435e-12,3.107367831828472e-11,2.4526418513343073e-22,4.357005448901718e-15,1.1202556689578253e-22
0.0017089539545679096,1.3825273959127748e-07,2.8808659416391544e-11,5.995498748277163e-12,5.782946934328407e-23,-1.8330188080301096e-15,5.352035603749859e-23
0.0016964448095300496,1.6251301086402396e-07,1.339870547369002e-10,1.1039387616649569e-11,-4.200732568433841e-22,4.297251185476952e-16,6.162632430610126e-23
0.001628299611656208,1.0640360387782209e-07,2.8654091895189556e-11,2.3691963784982873e-11,1.059769073898542e-22,7.283399014137355e-15,6.081330403910094e-22
0.0016544193466462363,1.1102444855102655e-07,2.1911920946273106e-11,1.6113479619587347e-12,2.2522901409834414e-24,-4.05717462486889e-16,-9.30600177417683e-24
0.002016361467807794,6.639081591781408e-08,4.880836539016124e-11,5.10388703485952e-12,-6.82374076644276e-23,1.2303172753940433e-15,4.281296294113094e-23
0.0015716920320009743,5.9516284720585526e-08,2.522585066366079e-11,1.2143467061693907e-11,-1.7526493384853024e-22,-8.666454551022357e-16,-1.2022762268533896e-22
0.0015986141289450662,8.249260482321559e-08,2.365514253591093e-11,9.997486662681733e-12,1.3471489339204099e-24,2.451719935598022e-15,-1.5373840184652552e-22
0.0015606649586166381,1.888698096873861e-07,1.761776856626946e-11,1.2693505737141569e-11,3.7529984997479573e-23,4.710706270816753e-15,1.8607553427207259e-22
0.00143331917785382,5.638740570022577e-08,2.336069999300013e-11,8.413356573978624e-11,3.0068337524943465e-21,1.8182091170829338e-14,2.2070533194189194e-21
0.0016269812966266364,9.629637908554228e-08,4.595231709410348e-11,8.201106596991359e-12,1.5883635601167826e-22,-1.5610767638647602e-15,1.0858552719990213e-23
0.0019299948718988088,3.630230931106128e-08,1.6541276030187073e-11,1.7803929188575394e-11,-3.144588206046976e-23,2.9656456461066555e-15,-3.039105832528471e-22
0.0015789389564502963,1.2567442549848794e-07,3.948595448786219e-12,7.612586666902452e-11,1.4182869125421005e-22,2.6877699691047352e-14,-1.3121926249130428e-21
0.0016302333694376227,2.4392098991928323e-07,1.6256951383943263e-11,4.230865546741774e-12,-2.4019733507011185e-23,-5.193771715090624e-16,2.5578256798377394e-23
0.0019278177330346402,1.9455159236105854e-08,4.914621517184676e-11,3.1801202372267463e-11,-6.147239740660398e-22,3.0304167495284716e-15,-1.0966812589148764e-21
0.0018988348569450534,7.933917260506109e-08,7.825041060214077e-11,1.7957897317456265e-10,-6.835897837606552e-21,4.715655482093676e-14,-2.0160160592680215e-20
0.0015649190536343072,1.7761496712928164e-07,9.833664076587994e-12,1.5291932616351403e-11,-1.0675161878442044e-22,5.848481613519832e-15,-1.541701459368251e-22
0.001539143364229017,1.6445465812334362e-07,6.7603255406846466e-12,5.883763631592472e-12,-2.99652693501753e-23,3.9677560426910273e-16,-2.1887907229757546e-23
0.0015663478004784605,1.2915823986196163e-07,1.7252491008494517e-11,1.2371786790701917e-11,-1.540504626915281e-22,-3.560440130828264e-15,9.454338501034284e-23
0.0016291762989175443,7.83822588717171e-08,1.628930209610281e-11,1.2417724251856181e-11,-1.5569658517387206e-22,2.52355657971118e-15,-8.336376258802688e-23
0.001622273928367066,7.016506866891615e-08,4.6800463397087677e-11,6.604743174554138e-11,9.345749876429626e-22,1.7256436913375646e-14,3.55113294284522e-21
0.0016198866421196344,9.73511967765757e-08,8.71385881153133e-11,7.064068891214855e-11,1.6874760126158946e-21,2.1175625934150426e-14,5.2791265466067556e-21
0.0016238218165308695,1.0214924884597e-07,7.746252233625216e-11,1.1086453663857265e-10,4.579622342587583e-21,3.527339927756668e-14,9.196728448030347e-21
0.0015879080512286284,1.5802721772324555e-07,2.105000092419976e-11,9.514373063892966e-12,-8.526412522606213e-24,-1.113335144379288e-15,1.343766536897403e-22
0.0016459484553056902,1.428289682197125e-07,4.5606735666103096e-12,1.4682280455981128e-11,-9.342173500489614e-23,-1.706607587952458e-15,7.554560445985177e-23
0.0016408661786101212,1.6144632027228742e-07,2.595607600619335e-12,3.099776110865636e-11,-2.530743488754553e-22,1.1299348413515898e-14,-1.1516235170959346e-22
0.0019256966017988206,8.053174373765308e-08,1.882915818802039e-10,1.2351801305602757e-10,-1.6113698261289342e-20,3.4765291079966453e-14,-9.756019885620518e-21
0.0016702128060342115,8.363451195177366e-08,2.474065856223617e-11,1.9193889327301713e-11,4.6263722133547416e-23,5.266789371948763e-15,4.1569716898169067e-22
0.0015831495850145657,1.260465048077965e-07,7.079408953360379e-11,1.016035405362472e-11,-1.1319045653034505e-22,-3.555701727289411e-15,2.4787607489384553e-22
0.0016294302139683563,9.497454100875514e-08,6.352553634991361e-11,1.0891723672680074e-10,4.092355114621458e-21,3.354184651811473e-14,8.082870016989441e-21
0.0019325820562889964,9.855850942070285e-08,8.740439989410576e-11,1.4014620569413738e-10,3.813002445719433e-21,3.630531775700926e-14,-1.50349884295724e-20
0.001594774870393933,7.997973114810886e-08,2.2772987658317766e-11,1.0940667396341311e-11,1.0920651880842405e-23,2.965675616668316e-15,-1.7234775363200268e-22
0.0016360955385761175,8.999197766032481e-08,4.251657981703692e-11,8.101983532921922e-11,2.5221325969219747e-21,2.4161092172296783e-14,4.031191411319545e-21
0.0015765425005134185,1.6704102547333462e-07,7.59825469118018e-12,6.802074882669837e-12,1.0394619603353227e-23,-1.8491684906416992e-15,4.778361600063123e-23
0.001635015467069626,1.5365479628744922e-07,2.5401740401422774e-12,4.060276844887156e-11,-4.100987511263144e-22,1.453158401220137e-14,-4.302227551366179e-23
0.0016383414277832474,8.355449888058701e-08,2.025172061155583e-11,5.28201797716653e-11,9.450060761783378e-22,1.51491430020055e-14,1.4461654757749646e-21
0.0016111051894139566,1.2652650058883596e-07,3.941806249394434e-12,7.889109692344815e-11,-3.629852824474444e-23,2.7992571877979153e-14,-1.3907265691528001e-21
0.0015683143815114864,1.5226053637375104e-07,1.5246611765031535e-11,8.533712729451798e-12,-6.963989179419908e-23,4.62147593436241e-16,6.801076344057545e-23
0.0015610058853914545,1.7487663592757528e-07,4.579491420981165e-12,5.188606173988374e-12,-2.5292029319003966e-23,-7.928042567344268e-17,-5.455835321173127e-26
0.0016515506074129098,1.1795257337463755e-07,1.4928710105107994e-11,2.6533639166801723e-12,1.6497770776661105e-23,-9.108409511998683e-16,-2.5885492509574186e-24
0.0017306054233834954,1.449995622584288e-07,4.3886388128590544e-11,6.443288525172495e-12,1.915531880940543e-23,-1.2841743738379972e-15,-1.0664264733596426e-22
0.0017391388443247012,2.075410723464355e-07,4.189124654440845e-11,6.370972868231665e-12,8.136139902667993e-23,-2.8182680880471294e-15,-6.490853867059697e-23
0.001898223956777805,6.773736059813232e-08,9.818356286055149e-11,1.2655680963433908e-10,-6.1361281147504824e-21,2.8270854532980526e-14,-1.2703042921949573e-20
0.0015981141376935908,7.50359315616783e-08,1.653141014162868e-11,4.378076954921176e-12,-2.7498956740705056e-23,5.757882452360413e-16,-2.512119497526253e-23
0.001951075362321311,9.278092943394785e-08,7.039454938667771e-11,1.2465395213481243e-10,7.930115239346901e-23,3.267676852732618e-14,-1.167665852341284e-20
0.0016206846977196566,6.77780138782382e-08,8.893184138036956e-12,1.829135812430165e-11,-2.2861345764712743e-22,3.825675800071426e-15,-4.648090058071065e-23
0.001702430907810249,1.2859911023647257e-07,2.4091330074726886e-11,5.066932336551088e-12,5.531750549237356e-23,-1.7670321018506038e-15,8.599573250505215e-24
0.0016312778848347619,7.469657560702744e-08,3.391258045748804e-11,6.654618805426136e-11,1.1253507051682984e-21,1.8186238446079547e-14,2.954213876063701e-21
0.001565717483644417,7.462799089595598e-08,1.664663921177538e-12,1.3731619096703848e-11,2.8683284389824597e-23,-2.2147498586101702e-15,-5.905432671366137e-23
0.0014360548151845405,5.424874011411351e-08,4.725726981558214e-12,5.164664830175065e-11,7.22113081157864e-22,8.873455663150473e-15,3.5996358675983498e-22
0.001428165238239622,6.13911084414142e-08,1.081344277757419e-11,5.336070883332161e-11,1.1459121327013568e-21,9.971644797709307e-15,5.7432749061057805e-22
0.001915271672782232,2.3660890063636494e-08,3.018466657423497e-11,1.4977203716994475e-11,-1.5283913683769677e-22,1.7059409910224628e-15,-2.7937374101498977e-22
0.0016136195286485027,8.059093284905038e-08,1.0945190459899511e-11,1.5141404891750288e-12,1.54791396683902e-24,-3.6015765545860705e-16,5.966452825749071e-24
0.0017293267500517462,1.5499160464642556e-07,3.104130382937151e-11,7.850336109803842e-12,-5.007354850743196e-24,-1.3453414059732008e-15,-1.224445621724493e-22
0.001708143109891791,1.0904985067108192e-07,5.897893740780864e-11,6.326942964016903e-12,8.958837189385423e-23,-1.8433312666678323e-15,-8.313513444383204e-23
0.0015843003911332624,1.553783031944936e-07,8.434379604210028e-12,8.72738470301947e-12,-7.382319666665617e-23,2.551082189914908e-15,-1.2522467813827546e-23
0.0016247087219633416,7.729367098540007e-08,8.80699469520158e-12,3.36070383009235e-12,-4.166850006749346e-24,-4.1042599574994524e-16,-1.7802347262487827e-23
0.0014453006912833212,5.225966309729865e-08,1.206130948434586e-11,7.882715196683715e-11,1.902981305345188e-21,1.5521055788769744e-14,1.5120880405159862e-21
0.001617865590459395,1.0886502195335878e-07,9.833150263665172e-11,1.0792499100609329e-10,3.948833532048031e-21,3.521027209102874e-14,1.0393179237093255e-20
0.0016328034228719956,1.4603190836165213e-07,1.1315695364762176e-11,4.891320435942301e-11,-9.214756536907751e-22,1.7893178051690826e-14,-6.892756627188136e-22
0.0016983465455092028,1.3036400106360184e-07,2.470283751235921e-11,4.818182255435284e-12,5.0591065656674133e-23,-1.657735754277537e-15,1.427037161091965e-23
0.0016427036509688978,1.1035992308979367e-07,3.067540751118498e-11,1.7853485376446248e-12,-1.162829782620691e-23,-8.832798239037293e-17,-6.272844315252166e-24
0.0015562056035888932,7.108741823510472e-08,3.529707081894276e-12,1.2877860084550587e-11,-1.911570388200831e-23,-1.8418092071362767e-15,-8.469254167814685e-23
0.0015590510689958159,1.5479119184071284e-07,1.4823576542668387e-11,3.515457547882243e-11,3.027595652775332e-22,1.3261258073682198e-14,7.432062215283855e-22
0.0015725349506549623,4.8125791208175704e-08,4.5344903523003355e-11,1.2240243720021585e-11,-2.4455659432553947e-23,2.179622933733178e-15,-2.8733063682030147e-22
0.0016315897726824607,1.0351405629802288e-07,7.681225376179521e-12,1.6778215763642872e-11,-3.9124916727922385e-23,-5.007269546373312e-15,-1.864116070056864e-22
0.0016183712106670588,1.2887871248345826e-07,8.556042146484858e-12,4.842398930546454e-11,-9.71355276817725e-22,1.6420145780095995e-14,-1.6731806367228724e-22
0.0019549756634266407,1.7453403269012542e-08,1.1901429095263979e-10,6.466542600142924e-11,-6.278814101414242e-22,8.242641723844292e-15,-5.638080442315211e-21
0.001647579703341168,1.1774237895329821e-07,1.956273834725835e-11,1.830786524297056e-12,6.666526090703575e-24,-5.882836962433927e-16,-8.69494498082613e-24
0.0016176501432847263,1.3078689223610694e-07,8.570742958982219e-11,2.4425519558305288e-11,-8.1087304504840035e-22,-3.616745026137886e-15,7.690571182778956e-22
0.0016169479320126488,1.1479354130459952e-07,6.795152696397527e-11,1.6403001976948622e-11,-3.07369558402833e-22,-5.274015459578583e-15,4.532316840514181e-22
0.0018951106552182358,1.302175693429453e-08,2.5051708823294945e-11,1.51113859407374e-11,-2.101175119204793e-23,1.1249445758456933e-15,-2.932670630422909e-22
0.001447158210214962,5.2841463987399285e-08,3.521864344489998e-12,5.2072864632216016e-11,5.834729393659877e-22,9.194198864035637e-15,3.960381866320243e-22
0.0016171169321550737,9.387970090388322e-08,9.347313673506417e-11,7.44540824205406e-11,2.1440260403785364e-21,2.240958257025104e-14,5.829431919521867e-21
0.001601398121274833,1.7423285041973826e-07,6.6135938313256615e-12,2.5379291571298916e-11,-1.3633065826918017e-22,9.32040188036596e-15,2.992097512763209e-22
0.0015895067811236086,1.507118285937603e-07,1.0961089640120569e-11,1.0164840528553819e-11,-9.762485068313898e-23,3.356133699956735e-15,-4.4514177308233474e-23
0.0016378829941057415,9.64224421279515e-08,4.9107150771019044e-11,1.0526658432860073e-11,1.8174319133349908e-22,-2.844510054423823e-15,1.5572786970003835e-22
0.0014549488964827337,7.892721996509834e-08,1.423664224992895e-12,1.3696590429213919e-11,7.31130397326062e-24,9.05333580262257e-16,-6.003795134122471e-23
0.0019579056758399944,9.340024046592672e-09,1.6804925817648085e-10,1.0639805992607914e-10,4.7323911134678826e-21,9.968771801795955e-15,-1.3417047359138736e-20
0.0017011835904309305,1.0072490161637168e-07,6.76113266292436e-11,6.060121119089765e-12,-3.525579791035145e-24,-1.0293403267025289e-15,-1.2261743865697695e-22
0.0015749731509064405,1.33902100004799e-07,2.660240934274452e-11,1.2921209689385868e-11,-1.1377398810641012e-22,7.437191503323671e-16,2.1081917010690137e-22
0.0016091458303822857,1.5163485408538134e-07,2.738005455826263e-11,1.136786244453532e-11,7.602381457361774e-23,-2.3702178144432674e-15,1.8558834838124145e-22
0.0017012304953022469,1.4336580768871638e-07,2.5683901087812875e-11,1.0771569100178286e-11,-1.4214506614851645e-22,9.376648078966297e-16,-1.0906077802872777e-22
0.0016344832663747404,1.4189277274593846e-07,8.03814935296838e-12,4.572990686599501e-12,-5.4431307589194734e-24,-1.2374830442271474e-15,2.718588930003321e-23
0.001598865789271494,1.2606668081875183e-07,5.119220506004243e-12,7.564105854883714e-11,-1.6183353730627743e-22,2.6810367269655482e-14,-1.4796400850494414e-21
0.0014426738683945672,6.618888034747949e-08,4.0983403340798096e-12,3.6587594536013806e-11,3.978458106337189e-22,5.747909797159652e-15,2.060278303995555e-22
0.001628443438820794,8.524215031357147e-08,6.173575835822117e-11,1.0041265175194204e-10,3.335957643521724e-21,2.930537161434649e-14,7.167605185752669e-21
0.0015399671214185219,6.941221352930209e-08,3.08584617353431e-11,2.4215444282530306e-11,3.5889881105622276e-22,5.560984347009751e-15,-5.5621100441944275e-22
0.001601268111077383,1.1205531678324368e-07,5.3202910417178675e-11,8.402489575234383e-12,8.54167446353946e-23,-2.6112026304907553e-15,1.5577420659050767e-22
0.001643850410928935,1.1657889613019953e-07,1.3236142888267969e-11,1.7697889173430303e-11,-1.9619638492641158e-22,-5.531329793374999e-15,-1.86757111757804e-22
0.0016141836948075261,1.3658725186735408e-07,1.0869465023407037e-11,4.1602817544777094e-11,-8.518090491549405e-22,1.442880255586384e-14,-2.3892932986488584e-22
0.0015505282318345188,1.5101907437334207e-07,7.715627762500959e-12,2.3290321992830757e-11,-5.525280094789655e-23,8.890403690861274e-15,-3.07283482057151e-22
0.001631631957392985,1.2408578839317765e-07,1.119861749893554e-12,1.5731416572650954e-11,-4.7502939978792047e-23,-3.7517239822840405e-15,-4.586157574256879e-23
0.0016271136616924629,1.3288732393272147e-07,7.833072635492027e-11,2.3006543873177016e-11,-6.249797535432846e-22,-3.167569671547137e-15,7.505091346613574e-22
0.0016266351178098675,6.766206043317772e-08,1.3939266694185798e-11,1.1453538951249074e-11,4.2444226994437916e-23,-2.9019341428217036e-17,-1.3835627254496547e-22
0.0015982582693343235,8.110266914446852e-08,1.98154635077115e-11,6.859126712459946e-12,-2.25877705313842e-23,1.4142650478934009e-15,-7.670953856217908e-23
0.0014355336649330003,6.724008042030616e-08,7.032025655239451e-12,4.4716156757872034e-11,6.84778445794163e-22,7.902867403310552e-15,3.9977804353448465e-22
0.0014341932132156277,6.241199990138931e-08,1.5611311481173614e-11,6.441802116719614e-11,1.8366345136374805e-21,1.3182005762435202e-14,8.943712637721934e-22
0.0016227279757936404,8.188430899648578e-08,9.535292804751056e-12,2.437501309623722e-12,2.217385185359313e-24,-4.571354141805727e-16,-1.1540157306991455e-23
0.0016276894591592303,1.4517813163147702e-07,1.18077091321663e-11,4.414353605872274e-11,-8.87869616943654e-22,1.5899534349142783e-14,-4.768555011261555e-22
0.0016092631964151594,2.382441533993929e-07,1.0829505280277045e-11,3.8898787447667426e-12,-2.107832390959555e-23,-1.1959925931389453e-16,1.3896446730720844e-23
0.0017119827552131092,1.5421808060204268e-07,2.4745178306066986e-11,5.392749763299865e-12,3.961525713538761e-23,-1.7720474747377847e-15,-4.8077360314742956e-23
0.001899100991669051,3.6790791555286595e-09,6.101667869068181e-11,2.534794533537077e-11,5.131985552778223e-23,2.9215244318104894e-16,-9.955478915245081e-22
0.0016229548394879924,7.372306895881747e-08,1.8531974756932375e-11,1.0258049911832551e-11,1.3859483798973965e-22,-1.6051453658588278e-15,-2.820350350346133e-23
0.001621655840626744,7.857504475048224e-08,1.955462791880272e-11,1.3039558117372655e-11,-3.534306265976396e-23,3.0250167786195547e-15,2.0519689815203016e-22
0.001627584344310925,1.383940024444682e-07,9.758652065081197e-12,4.3768572915612783e-11,-8.882297829927121e-22,1.505941691821578e-14,-1.7111650326159283e-22
0.0019067330487567043,8.976722150774278e-08,1.1432413467804077e-10,1.2611348972196777e-10,9.541120054824352e-21,3.568694586946739e-14,-1.1759115401451247e-20
0.0015824769507779123,1.7486376344213088e-07,1.915739786094973e-11,2.3237614368831962e-11,1.4828753834010783e-22,9.152383050587699e-15,4.673306063501287e-22
0.001635286190163301,1.074400818413778e-07,1.8903022738361797e-11,1.804402907138144e-11,-2.2734836648482967e-22,-5.8919336680056314e-15,-2.43651611766738e-22
0.001644896960806756,1.1710136896040085e-07,2.5193933144457583e-11,1.3829031663996694e-12,-4.4547891715935636e-24,-2.0949025825464313e-16,-6.83996193904462e-24
0.0016491552137817087,1.1906925781975173e-07,2.6213606539476717e-11,1.922990286920602e-12,-1.350418768858431e-23,1.2235942029223536e-16,-2.0105038122006856e-24
0.0014252481468570995,6.287513416189384e-08,1.8060423748439324e-11,6.573374841960823e-11,2.0277767987872403e-21,1.4151646170707429e-14,1.0088780899949478e-21
0.00157502516085121,5.72201513806132e-08,2.3796953349392577e-11,1.1988346689702019e-11,-1.7222189415316058e-22,-7.9127981640553965e-16,-1.064944671098321e-22
0.0017355766798504346,2.271941819699107e-07,4.510976333276287e-11,6.991068918516029e-12,8.019498285336467e-23,-3.0877449167341406e-15,-9.477481663555656e-23
0.0016087445342678722,1.4914258937027454e-07,1.22405859558107e-11,5.197091543481925e-12,-3.823704060978112e-23,1.152358532878998e-15,1.60052079073257e-23
0.001632371936327549,7.940535005029093e-08,2.0672706226439403e-11,5.527298850314959e-11,1.0423241610448569e-21,1.5501608361036103e-14,1.5506290384973237e-21
0.001952990271541652,8.357917447898631e-08,1.6253340596088053e-10,7.443124471055284e-11,6.476577995841859e-21,2.130051282614344e-14,-5.00745081815599e-21
0.0016196872606741046,1.1939916859038612e-07,1.2425576348385626e-11,1.7591906792750127e-11,-1.1674078199219126e-22,-5.514644936147725e-15,-2.324212570792563e-22
0.0016432778049317214,9.275640305472085e-08,7.327857608541816e-11,2.5265188464927773e-11,-6.05274435521837e-22,3.0168629791969283e-15,9.030197456134686e-22
0.001668734865299074,1.2958924023003293e-07,1.731706570392973e-11,7.667531693724557e-12,1.5700815366531386e-23,-1.1587223716357697e-15,8.694658719636751e-23
0.0016139295698924256,1.6067475071682328e-07,4.0529730827317125e-13,1.0170727222632953e-11,-1.9906724749602733e-23,-2.981452988424582e-15,5.489501398046834e-24
0.0015677546891318791,1.514122063830008e-07,1.1316253770863597e-11,8.634806275669108e-12,-5.770083919255966e-23,3.6322081653607446e-16,6.289778847330981e-23
0.0014401182893539859,5.347034440659066e-08,1.528871443807746e-11,7.990546594177647e-11,2.0813949921226046e-21,1.6240857943648673e-14,1.8622297431894954e-21
0.0015893184220841163,1.7803809398448261e-07,1.954087398097847e-11,2.2308567926360006e-11,1.2776214265914122e-22,8.759070187259466e-15,4.479135386695928e-22
0.0015966242874176878,1.3268326575226243e-07,1.3718967496795416e-11,7.022234028283129e-11,-4.930238139656159e-22,2.5418447656383053e-14,-2.1230909179790193e-21
0.0015688398585478928,1.607085920742164e-07,1.1253636665557053e-11,6.59579989005193e-12,-3.5917849459192696e-23,1.586834200221122e-17,4.403533534880593e-23
0.0015560703392280785,1.6160791759347717e-07,9.214481312660211e-12,6.256090425229576e-12,-2.4796157897195435e-23,-2.4934534008294877e-16,4.051373552676902e-23
0.0016192434822311988,1.0216257302143486e-07,4.609253319959252e-11,8.918986574923583e-12,1.696157157199169e-22,-2.072698635800349e-15,6.271139719503232e-23
0.001625287048415763,1.194250467795345e-07,6.00937604396027e-11,1.930809572035384e-12,-2.0162783207710935e-23,6.049314949568325e-17,5.1013255377248276e-24
0.0016462287314135743,1.6220435822078514e-07,1.835922328001987e-12,3.1135002252626826e-11,-1.6006518891194742e-22,1.1474394597873914e-14,-1.7260004581869297e-22
0.0016300355664743325,9.158238470045173e-08,6.103051060690745e-11,9.60260782674434e-11,3.295372617465781e-21,2.905922740567468e-14,6.571181387372456e-21
0.0015739637337892276,1.259086600435201e-07,7.01512572153583e-12,7.162642676498621e-11,-2.3966591373482596e-22,2.5221701259498636e-14,-1.5875756489740153e-21
0.0016336939684121665,1.1888783407253426e-07,1.977809672974735e-11,2.8548706558490323e-11,-2.508691220166488e-22,9.744206897337184e-15,-6.302870047980787e-22
0.001966477747502354,7.97281122776258e-08,8.153503276814847e-11,8.195242958985295e-11,2.631493340330613e-21,2.2465474039937313e-14,-6.1605889247650445e-21
0.001623120465044961,7.912847292347842e-08,6.877510677114994e-11,1.2005788349367251e-11,-3.4294719421922205e-22,5.030313346850692e-16,3.745218556435645e-23
0.0015550831348079162,5.79353695333699e-08,3.3922813682032063e-11,1.4195746740418824e-11,5.796964276561912e-23,3.0036245055678344e-15,-3.0607687369344774e-22
0.0019107826842752326,1.0272792359911995e-07,1.5202123710377825e-10,8.892582109988815e-11,8.769062441384611e-21,2.8032597315685708e-14,-5.477778458468564e-21
0.001647950579481168,1.7498377779987932e-07,1.8545603943561975e-12,2.1901167111865513e-11,-9.476105256153334e-23,8.153751965073523e-15,-1.0248295695628119e-22
0.0016913063885943764,1.277477865271462e-07,2.536985629958933e-11,5.416990835371817e-12,4.762052762510466e-23,-1.5525204215954492e-15,4.2011330257449386e-23
0.0016710290082827483,1.0823825052738108e-07,1.025916219317514e-12,1.4962312543484132e-11,-5.75307460266266e-23,-4.25092665620544e-15,-1.1253786124435095e-23
0.001568081934219868,1.2687603677612142e-07,6.613499598587693e-12,7.362385354147912e-11,-2.5537087172688373e-23,2.603756453642697e-14,-1.6243881842174955e-21
0.0016208049163852004,9.88860456712107e-08,9.287413980259637e-11,1.0544063294923866e-10,4.29789218782325e-21,3.292793778130846e-14,9.507932402867208e-21
0.0016791955749641632,1.1066480064381117e-07,4.93460502467317e-11,7.256742284816196e-12,-1.007100303543139e-22,-1.9025429299439175e-17,-9.335257004618463e-23
0.001619588946891559,1.044645191891708e-07,9.531194911912963e-11,1.1038884750031151e-10,4.5323899610891224e-21,3.548593074288142e-14,1.0376307180289159e-20
0.0017119409321119724,1.265431906048108e-07,5.283081981538475e-11,5.031623673789829e-12,5.665826751097563e-23,-1.43746057419266e-15,-5.932781997961611e-23
0.0016252781159474153,1.3355633646212845e-07,1.8145204366001068e-11,7.309811832462137e-11,2.1531056208077753e-22,2.662895832077308e-14,-2.6534761145274532e-21
0.0016297057253300538,1.0862580096240275e-07,5.2704338284764196e-11,1.870381104106396e-11,-2.356591385180907e-22,-5.8963837128057265e-15,5.378846483429269e-22
0.0016146923776138534,1.1920604150097231e-07,3.955684336839949e-11,1.978974043173461e-11,-5.287071786165787e-22,-6.74450690848926e-15,-1.6446087399045982e-22
0.001546701204751125,1.6590694059541646e-07,6.9669690704195354e-12,5.294688237613991e-12,-1.490173650096942e-23,-5.863100125759007e-16,2.84963902602354e-23
0.001609000654766529,1.1659261879625267e-07,2.6790744828718834e-11,1.8505425600246876e-11,-2.9441757318025733e-22,-6.266147975617299e-15,-2.8826468782018404e-22
0.0015953271641898823,7.12584892742291e-08,1.873364257730129e-11,4.064242193704352e-12,-2.9314071389364814e-23,5.154196004426587e-16,-1.9958422353833417e-23
0.0018996646037097377,1.6489452249489802e-09,1.643283636817443e-10,9.889386474991644e-11,6.49897385100257e-21,3.663677363648877e-15,-1.0802718026290682e-20
0.0015622410794924502,1.8523790754454757e-07,1.9529729285275466e-11,1.533987518158239e-11,6.581445204053235e-23,5.842984747272674e-15,2.5722365270000845e-22
0.0017080629988166344,1.3358000392867982e-07,3.223091726355587e-11,6.58654238771629e-12,7.904286863370471e-23,-2.1792153898580322e-15,5.442350229082512e-23
0.001576073899878933,1.7695999335996133e-07,2.192045671138162e-11,2.5899212328281538e-11,2.6510433208725643e-22,1.0360694658360088e-14,5.572526373860438e-22
0.0020078330286950655,7.07250585279563e-08,1.1201415316601673e-10,3.2471306998600903e-12,4.508581556758211e-24,6.202983663789633e-16,6.176352564241282e-23
0.0016327023494469581,1.289749714399988e-07,1.5892862656816843e-11,8.007573676507592e-11,3.21684362977428e-22,2.8699645903052536e-14,-2.838449801860971e-21
0.0016210861513343323,1.3443953958277828e-07,1.7027650089068426e-11,6.985919752214778e-11,1.2145060818967022e-22,2.5514144301884136e-14,-2.4063584116025096e-21
0.0016331582812409325,1.3218438538633168e-07,1.5965876024523325e-11,7.596159841275574e-11,6.185452949740023e-22,2.743967161109157e-14,-2.572045766054021e-21
0.0019359181137527859,1.2788993433100204e-07,8.729838343945758e-11,1.3647786305961627e-10,6.346693942975952e-21,3.829429854572077e-14,-1.3477300771473749e-20
0.0015711298428055984,1.4485401234991505e-07,1.769831111337796e-11,9.325153282943884e-12,-8.993385788604464e-23,9.375712832614345e-16,7.91421679797864e-23
0.0018492288623929145,7.224650534164395e-10,9.601028724553621e-11,3.7709140769099576e-11,1.345754506512435e-21,-5.91519655648104e-16,-1.8267927378665038e-21
0.001643456441479891,1.6150325584443418e-07,1.7963184367587554e-12,2.872179826405171e-11,-1.1998554666702981e-22,1.0570160103369762e-14,-1.6782459432379963e-22
0.0015989782694099636,1.0201019662695896e-07,1.5742134682677503e-11,8.196916011330686e-12,-4.248657860604607e-23,1.3170659294666968e-15,-8.285415149689329e-23
0.0016297251741368504,7.357258501604035e-08,3.364567740378643e-11,7.366713380907362e-11,1.5006755994024969e-21,1.9976659911688826e-14,3.346468222113515e-21
0.0016236761044023424,1.2648089160799533e-07,6.244807413734064e-11,1.8347048974742378e-12,-1.820676102373212e-23,9.003498324488366e-17,7.361079951526675e-24
0.0016278067056608866,7.75162410419328e-08,1.0823306356262268e-11,1.9488992585114344e-11,-2.7429479791973806e-22,4.958003935210643e-15,6.985699070934308e-23
0.001627030692582439,7.598345362932609e-08,4.322078498176102e-11,4.8827632683044925e-11,5.4303447640654265e-22,1.2743103379384049e-14,2.1763554300230094e-21
0.0016342094450263974,1.5683050864495452e-07,4.712106353281084e-12,3.4512446801847427e-11,-4.32964531831215e-22,1.2420069707906373e-14,-7.904039989691476e-23
0.001433990846840505,5.927006629453007e-08,2.3166381951845957e-11,8.758724759465193e-11,3.348876828575181e-21,1.9386918855929228e-14,2.085943676094865e-21
0.0016736799463247035,6.035888280589285e-08,2.5674776717635356e-11,7.450878248946984e-13,1.5729802171947154e-24,1.6045398056195517e-16,2.8540926275949393e-24
0.0015717977596495084,1.8935078219897602e-07,8.822196713564266e-12,1.2014756259318513e-11,-6.79336168451285e-23,4.2927928734161736e-15,-1.0337353481881653e-22
0.001891470504998949,1.1545402889430267e-07,2.0309662321223102e-10,1.0207216991042309e-10,1.2360545662125298e-20,3.3587098098029035e-14,-7.949999046091466e-21
0.0016303874459959319,9.947733508318887e-08,2.6245695293915104e-11,1.2836246963102422e-11,7.316043518801894e-23,-4.031954497447262e-15,2.239591137005561e-22
0.0014451494079389324,6.108500053373725e-08,8.071448091528355e-12,5.045317209622172e-11,9.278538575495196e-22,8.963873056062892e-15,4.1916677278700293e-22
0.001959956117529287,7.785963844266104e-08,6.900782932613369e-11,8.016853196290906e-11,1.6224362283674668e-21,2.1829935054054254e-14,-5.737898266466126e-21
0.001543683500886738,1.6361840184194628e-07,7.462279571477153e-12,5.3591722631036574e-12,-1.7433570408042868e-23,-3.861304301760445e-16,2.9063029094849736e-23
0.0017249688675950755,1.5463176624380634e-07,8.969301534921534e-11,9.343616828564206e-12,-2.702886921524235e-22,1.1592193813166132e-15,1.0443889473552093e-23
0.0017306937878461886,1.5793600746562115e-07,8.072147555322056e-11,1.1493240044620092e-11,-3.3945791202841906e-22,2.128360066736828e-15,8.555250633068236e-23
0.0016441490813824888,1.238151911788799e-07,4.5745109063777956e-11,3.9133947148488444e-12,-5.068084849803395e-23,-5.775045299042648e-16,1.3155276771692102e-23
0.001440956681616618,4.975262503296215e-08,1.0324920872522506e-11,6.683449726382651e-11,1.5712101962640936e-21,1.254512554681622e-14,7.833881850585958e-22
0.0016306458772957066,9.445463230750854e-08,1.7735720012812213e-11,1.011650933686835e-11,1.2446698605646445e-22,-1.5865903159624746e-15,-5.35803425178167e-23
0.0016689235774012112,1.2647100501257747e-07,1.0683631105247664e-11,2.3992943195193287e-12,1.1435573610584524e-23,-8.372203596215346e-16,-4.09730801928628e-24
0.0016350296158487861,1.5182692028098764e-07,2.3703284133807332e-12,1.511234676410803e-11,-7.972424906014094e-23,-1.7720258036160156e-15,4.2720063318549356e-23
0.0017014587116548807,9.91258288349637e-08,7.485493887980144e-11,4.948890986680554e-12,2.855295132283863e-23,-9.393856668301694e-16,-9.087126688941969e-23
0.0019636839373617767,7.594797241078965e-09,1.2623897649719024e-10,5.647116312271936e-11,-2.917061877995956e-22,4.921131735459857e-15,-4.759074778098217e-21
0.0019658649288418592,1.5738740764237552e-07,1.3158907432434789e-10,1.0039835463564042e-10,5.626631238613743e-21,3.26355773486556e-14,-1.0075164589200228e-20
0.0015627911301729445,1.6982955096383825e-07,6.917375720403063e-12,7.21409553938187e-12,-4.7692416432436747e-23,-1.798352090096133e-16,1.7958942555442926e-23
0.0017365279695049185,1.8022918281865577e-07,7.466881624422725e-11,1.0998776690331914e-11,-3.1391020993366305e-22,1.311996130604521e-15,-2.848544659987158e-23
0.0016266002743223638,1.0439833823077848e-07,3.8267600577800145e-11,2.037805371694704e-11,-4.78362427203006e-22,-6.491123592257189e-15,-3.082224421866265e-22
0.0017167656731653445,1.1416642930450482e-07,5.881113568573842e-11,5.219878949935676e-12,5.702490236270125e-23,-1.4447837983199265e-15,-7.150298859105548e-23
0.0016384475566438524,1.1053319303337265e-07,3.001235128019972e-11,1.49221418668509e-11,5.426205777351594e-23,-4.9608326141203744e-15,3.11091965667472e-22
0.001593932812770915,1.512411207737875e-07,1.3218730105224328e-11,7.975526497567495e-12,-8.153794217134792e-23,2.3897681071443797e-15,-7.591440457423164e-24
0.0016096510768522291,1.2749554474909736e-07,1.2185321744041643e-11,7.476279019444775e-11,-2.3038427451220415e-22,2.6611941908512737e-14,-2.2447679150547766e-21
0.0016237605199689142,1.7674917595921245e-07,1.4155850454983566e-11,3.7415925263435795e-12,-1.8813292121046166e-23,4.910793820614026e-16,1.9686296544521182e-23
0.001650709666234284,1.1092003527575576e-07,3.381943135171963e-11,2.238057347945658e-12,-1.9027317621593396e-23,2.1015423066778496e-16,4.13328080536908e-24
0.0016293065746657226,7.739611389490994e-08,2.2108409197718366e-11,9.678596214480047e-12,1.309899558371518e-22,-1.2869506932118823e-15,-5.372246217148761e-23
0.0015668767136212312,1.5531557587679303e-07,6.610697101951614e-12,1.4666731831250276e-11,-8.588771000681278e-23,5.3383731301828606e-15,-1.1610376301344916e-22
0.001635547914157255,1.197751891946044e-07,3.130021099462665e-11,1.7516633322419683e-11,-2.908144186138677e-23,-6.003744367343105e-15,4.0912420903372763e-22
0.0015457529044390354,6.107721715938606e-08,3.589749521588549e-11,2.009876194048571e-11,2.139646182894872e-22,4.295522255956485e-15,-4.956556409958203e-22
0.00193018214380599,1.0463479649734431e-07,9.030847248061123e-11,1.3365693470288603e-10,3.920481656035313e-21,3.507417456727665e-14,-1.415121009631369e-20
0.0015933557576948353,1.382748510624223e-07,3.194749619845833e-11,1.2792808470123769e-11,-3.668239097718856e-23,-3.609730475240775e-17,2.560083861512966e-22
0.0015922431908173339,1.2712973227033955e-07,2.484757732489207e-11,1.3962499411694637e-11,-2.350008340079669e-22,-4.0844435038037515e-15,1.1139986003306856e-22
0.0015558707444885455,1.4596842543626123e-07,9.282166518918284e-12,3.4079491395568293e-11,9.117799550326706e-23,1.232773215359891e-14,5.992309281705283e-22
0.0014563710731738057,5.2187347502029206e-08,1.4446894443718314e-11,9.796771972051436e-11,2.4105862659387223e-21,1.900173765522388e-14,2.7879998717613844e-21
0.0015771629796881674,1.859379017604494e-07,2.1105228725708545e-11,1.5922612774099506e-11,8.309390935374529e-23,6.280890654368281e-15,2.798108664268229e-22
0.0017179910928428919,2.0707567538358219e-07,5.210968483706662e-11,1.9732283865609836e-11,-5.914326782638457e-22,4.6207605781802585e-15,2.248715854473278e-22
0.0016243742018306525,7.330003030905285e-08,1.7063686976600772e-11,1.0992579237722993e-11,-2.5050740835900786e-23,8.40964772914157e-16,-1.4845300155678302e-22
0.001584673658382821,1.8144357841798572e-07,1.92901068320591e-11,1.632681976564901e-11,5.297640405715782e-23,6.322732642839782e-15,2.8486333713854277e-22
0.0015754557397291025,1.8800415108003523e-07,2.079356664827294e-11,1.4085742923201893e-11,5.978655822564692e-23,5.508102326948205e-15,2.335334963841144e-22
0.0015620776842337944,4.752694003269295e-08,5.220722802009737e-11,1.687661982941548e-11,8.890208042197106e-23,3.2083664843289822e-15,-4.929972878032937e-22
0.001606468080837978,1.7568966319865792e-07,1.3275268791131066e-11,1.6281637266146964e-11,-8.065169697954574e-23,6.077791464497446e-15,2.2537313757108867e-22
0.0016052355080561748,1.7736270432068216e-07,1.924261307106012e-11,1.9157033690866432e-11,6.947559836334342e-23,7.616692121148555e-15,3.611895471837033e-22
0.0016280315517203377,8.410152271814302e-08,3.6363225825039415e-11,8.058576712818891e-11,2.273000637882309e-21,2.3333138597412848e-14,3.72335988966255e-21
0.0015785492959222098,1.860508018916909e-07,7.679073145118745e-12,7.685544669188949e-12,-5.254506402126169e-23,2.1871831804147132e-15,-2.6926926856499744e-23
0.0017249235492383724,1.532011893331964e-07,8.776852564718287e-11,9.390067429172484e-12,-2.691619723336189e-22,1.2270511113395048e-15,1.4836503229586594e-23
0.0016332623113003522,1.0106520411570441e-07,6.1077307685033e-11,1.0009935769620651e-10,3.7905722395010765e-21,3.182164022627096e-14,6.847708065126488e-21
0.0019499557455639632,1.230556964488675e-07,9.785836172274245e-11,1.079657264088895e-10,5.396751984942136e-21,3.2699579616659223e-14,-9.696963242997756e-21
0.0016064782288288124,1.351357286158793e-07,5.072307997242611e-12,9.152324701409847e-11,6.031850591103377e-22,3.363722450292828e-14,-1.877452238196211e-21
0.0015531316158483833,1.5873834784599678e-07,1.726788709825413e-11,3.2130642286919084e-11,3.0594643598234743e-22,1.2169565815391531e-14,6.922350821323203e-22
0.0019772060136500286,3.406471567823336e-08,3.430035673944052e-11,3.951351180621107e-12,-3.6706233328664066e-23,6.969701611714271e-16,2.772632710286643e-23
0.0016606475427049044,1.1514538361591266e-07,1.7744868126915023e-11,1.3553013273024145e-12,6.585856263547354e-24,-4.3966929205387424e-16,-8.9548015727457e-25
0.0016758651031957322,1.5056168925387672e-07,2.0322728696759486e-10,3.995622049356973e-11,-1.0628534687330938e-21,5.562490483286796e-15,3.440091434992348e-21
0.001969824100547929,8.642617663274151e-08,1.0117466854812771e-10,5.1822043049553655e-11,-3.3246854936076106e-21,1.4199117112785428e-14,-1.7397928077827224e-21
0.001431187779620566,6.06624796493029e-08,2.226941281162024e-11,7.036609885454361e-11,2.3052024276222617e-21,1.557185602707582e-14,1.5636254361590286e-21
0.002029927029731948,1.0737031958920134e-07,1.7314468775018308e-10,2.003323199130724e-12,3.299038476252786e-23,9.164709765133927e-17,1.742722656605701e-23
0.001956540628896459,3.811534755158947e-09,1.0666279232823568e-10,5.499671210378475e-11,-7.263468513789492e-22,3.135892309168929e-15,-4.149127612814146e-21
0.0016286022101392767,8.091544552517303e-08,2.3424384309173477e-11,1.066681491547984e-11,1.5040039200906418e-22,-2.522113541349373e-15,7.621964497595117e-23
0.0016151757527741201,1.3162108970384623e-07,1.1221148156865277e-11,1.6276164916289274e-11,-1.5441303790346354e-22,-5.408084725289938e-15,-1.5665151472470647e-22
0.0016399090044660696,1.0598795021084925e-07,7.706064686720191e-11,2.5005914345728885e-12,-1.2513624024179535e-23,5.959734752166454e-16,3.237802618235016e-23
0.001585747108604239,1.5022129863070772e-07,2.1085661743149245e-11,1.0496253918988986e-11,-1.0552428164020886e-24,-1.3690080821154905e-15,1.5614755675066558e-22
0.001740384418503933,2.10180370242789e-07,7.007000387692215e-11,7.875039601700545e-12,-6.149660463054014e-23,-2.0022432141032436e-15,-1.7446771956234067e-22
0.0015987872195351435,1.6930886922650108e-07,1.275754224448146e-11,2.052682088726209e-11,-4.588068486778052e-23,7.735074576542305e-15,3.2899048253459856e-22
0.0015486927745137877,1.6382796173324788e-07,5.227664959279053e-12,6.1247929828805876e-12,-3.465362476692059e-23,7.204610397213978e-16,-4.8383240157264315e-25
0.0016183468951611534,1.462434904860545e-07,1.1569821667832704e-11,4.782594250085836e-11,-8.966821749398396e-22,1.7437447528004472e-14,-6.794274979006988e-22
0.0019547863610629105,4.795796408286861e-09,9.719296350772011e-11,2.8296311731563143e-11,-8.73397963698631e-22,1.7332898007307312e-15,-1.1996714167384636e-21
0.001714119097990025,1.1614715036741418e-07,3.848075596588248e-11,5.543251512708224e-12,7.779591816687613e-23,-1.877152947754779e-15,-2.2411193911387796e-23
0.0016024851707425796,1.287566760006799e-07,1.344228036455765e-11,7.304831834561601e-11,-3.775875643376387e-22,2.6104278973940778e-14,-2.2576744190945497e-21
0.0015644075223115819,1.892852183622369e-07,1.8449086475324593e-11,1.1986515039331792e-11,2.646996993066045e-23,4.419184433687427e-15,1.7627253796929102e-22
0.0017052698158923898,1.3600096442115844e-07,2.607009756441647e-11,5.251732327469957e-12,6.129999757880719e-23,-1.934540160014515e-15,-4.29772547146606e-24
0.0015482012323071845,1.6758417852429898e-07,6.457692191137574e-12,6.018447298562644e-12,-3.617451419471492e-23,3.7713981257090034e-17,9.958481122737905e-24
0.0015594127651861966,1.607966916081909e-07,1.4774506942370128e-11,7.553285585835079e-12,-3.0856141891723705e-23,-2.709475715480635e-16,7.358458570820096e-23
0.0015919032660102962,1.2544988789013948e-07,2.0271291212948418e-11,1.5726421640786802e-11,-2.721388836274778e-22,-5.569233634932696e-15,-6.917285302831927e-23
0.0016048298315952123,1.2811933565617584e-07,9.299870002007508e-12,7.415247837246773e-11,-3.5360647818374043e-22,2.6455922715717253e-14,-1.914898533843653e-21
0.0016294576431486211,8.355330653684184e-08,3.410861896326704e-11,7.993534467592181e-12,-1.7753355484018558e-23,8.901074641525978e-16,-1.307903805948111e-22
0.0015856218107940887,1.3002893139067539e-07,1.1772947093106442e-11,6.907055388306345e-11,-5.811985953655696e-22,2.4735048320557235e-14,-1.8819147833641682e-21
0.0016932357383487554,1.4046290547366538e-07,4.2990251444425436e-11,1.0354198665731422e-11,-2.104588650812331e-22,1.2087667813074779e-15,-5.855900656145967e-23
0.001636538696515177,1.4775212707852194e-07,3.187758019738229e-12,3.3920264711212244e-11,-3.3288019325464444e-22,1.1951038056826714e-14,-1.1663189352048578e-22
0.001616675947502915,1.4011569128572092e-07,1.0192623488292496e-11,4.0333617276557645e-11,-7.626118511766395e-22,1.4074452494425491e-14,-2.9531283214394163e-22
0.001614736976746331,9.06895818228803e-08,3.4800596073667284e-11,7.04257169024821e-12,1.6917334327896868e-23,5.348014850872529e-16,-1.0894732164500433e-22
0.0016090788732091325,8.52068652181975e-08,3.450762378225489e-11,3.095485640377909e-11,9.093166453665087e-24,7.33071908872179e-15,1.0116567298867638e-21
0.0016433294118821922,1.450250760400628e-07,2.150224875848795e-12,1.5975403715845778e-11,-8.16365036671522e-23,-1.6706783575741768e-15,4.5850268661943464e-23
0.0015861277352249461,2.210941476600045e-07,2.4574089931798966e-11,2.430043587947897e-11,6.86424415725523e-23,1.015222195587585e-14,-5.898461845400838e-22
0.0015988634936902543,7.514940553722834e-08,1.6233200697625418e-11,4.321677938481335e-12,-2.684897791364845e-23,5.543429965810504e-16,-2.4277645440314e-23
0.0016402083438213002,1.8030896140193844e-07,1.9338913341854322e-11,1.8742507718464968e-12,-4.235676330391222e-25,-6.49892922475115e-16,-1.1275904560255943e-23
0.0015967206592425293,6.76840642208541e-08,3.936075112990582e-11,8.077560754001268e-12,-8.006997433936562e-23,-3.173599811029524e-16,-1.1972197799518345e-22
0.0016411633592094185,1.1640287823786806e-07,6.01654503399806e-11,2.2374479035693192e-11,-7.966569543290076e-22,-6.9895355662216485e-15,-1.9812624309109054e-22
0.0016504615913053005,1.192457969066368e-07,1.3597451726523216e-11,2.943208194138871e-12,1.5859543356628805e-23,-9.716864639424176e-16,9.754396480963219e-24
0.002050069542921779,8.567105754740586e-08,9.306849402015691e-11,1.813646977406247e-11,-7.196507584544104e-22,-3.0536003149395008e-15,1.931773420134303e-22
0.0018493372011865665,3.966681478159361e-09,2.671450443760558e-10,5.4921071716237534e-11,5.5145831026786215e-21,-6.235360791423624e-16,-3.720827237515398e-21
0.0018783398488609344,1.559786042483901e-07,2.435772221326218e-10,8.134208176303031e-11,1.015344345009408e-20,3.1019785330890065e-14,-5.291644140040623e-21
0.0016073624173483193,1.6455497881587916e-07,8.022516986772863e-12,1.808615571681577e-11,-1.212961671964652e-22,6.36807605969291e-15,1.8096853925817546e-22
0.001561747189169281,5.241527380386014e-08,3.688572702719463e-11,1.2679087333225955e-11,1.5895286462090614e-23,2.4939759761938636e-15,-2.7373491412787973e-22
0.001735413857353105,2.0156945266759767e-07,6.963459840569617e-11,1.4095740832944118e-11,-4.355941581601956e-22,2.5076465904847935e-15,7.267777486779622e-23
0.0016334872646735197,9.905857099300031e-08,5.6271194927704306e-11,1.0564222083640252e-10,3.8288959629034256e-21,3.323386029271652e-14,7.189096289251862e-21
0.0015853440934322297,1.3761652410939674e-07,2.977517759898536e-11,1.3166134720482294e-11,2.0662988115560392e-23,-5.559252711179385e-16,2.5986393698561725e-22
0.00170388538109096,1.0530883289099272e-07,6.237100512691218e-11,6.934710660301388e-12,8.567192027427132e-23,-1.8739892527457093e-15,-1.1601954552786438e-22
0.0014433282043664264,5.374587535300865e-08,1.5341606531292054e-11,8.731223489296514e-11,2.6030006969704196e-21,1.7809478775245704e-14,1.853656618731698e-21
0.0016792914533806601,1.3289259578462373e-07,2.8084275173771726e-11,4.577720517099458e-12,4.949867379838449e-23,-1.5690898660473713e-15,1.5619370411631786e-23
0.0015646935819643897,7.135946413177587e-08,1.1498112442209871e-11,1.5149217375975797e-11,-1.8168745674097223e-22,-1.650316180720999e-15,-8.345936851901458e-23
0.0017084507036654883,1.2569841861969417e-07,2.157109264500056e-11,8.019179950477778e-12,6.273762245715728e-23,-2.64806621573339e-15,-8.478217620194699e-23
0.0016343240373364446,1.2725752858163264e-07,1.2472855820128885e-11,2.4473942585048883e-12,1.3127192576227927e-23,-8.407520193082559e-16,3.2433858340968585e-24
0.00165544857931101,1.3188253015254124e-07,1.0636810680241856e-11,2.392655874792523e-12,8.767567489789509e-24,-7.778604440834992e-16,8.296220670053679e-24
0.0016442057448246426,1.209140917473055e-07,8.54751031445412e-11,1.276681204642209e-10,5.140183563316995e-21,4.4388473738053054e-14,1.2306181057735319e-20
0.0016016893062479145,1.6951152017280035e-07,1.28978158434448e-11,5.449231831926475e-12,-4.1413889044100836e-23,1.086838490213193e-15,1.9284391704055478e-23
0.001982777308963897,1.0792795520366453e-07,1.1188142881079427e-10,6.120071142919045e-11,-4.865917188258022e-21,1.9821012928143574e-14,-1.4033207859590903e-21
0.0015817152562743444,1.2851097490589135e-07,2.5955754308533643e-11,1.479394440583617e-11,-1.6967591019528294e-22,-2.9990847388701076e-15,2.3505318533657395e-22
0.0015585114171591057,1.4634692295905852e-07,1.6978132157171777e-11,1.0325786910257921e-11,-5.37034978845837e-23,-8.099530729124166e-17,1.257302263000667e-22
0.0016354432526234104,1.3298875418490712e-07,1.6105749950663797e-11,7.746785024251627e-11,7.166070569632341e-22,2.8063767691038688e-14,-2.6408565106103113e-21
0.0016214493645294887,8.759218474165686e-08,1.3998549238826006e-11,1.1239437691382477e-12,3.824160999769058e-24,-3.174592031170064e-16,-2.291557112728298e-24
0.0015747274885481123,1.6800266434588143e-07,1.697457577171779e-11,2.7934557284109778e-11,1.981763397888262e-22,1.0844986462309104e-14,5.751046681497858e-22
0.0016042423410724967,1.2530754710149376e-07,3.175613251458156e-12,9.226986920015936e-11,8.274635144998695e-22,3.265832241780824e-14,-1.3453404432117546e-21
0.0015646283372120961,6.539583612396829e-08,1.089209918253775e-11,1.4684694639445307e-11,-1.7338841503376982e-22,-1.6259379016752786e-15,-6.653947784747971e-23
0.001614526551997548,6.399862002688608e-08,4.6741582118938876e-12,2.098516362686596e-11,-2.0736408932523384e-22,4.258889644317952e-15,-1.3993986075626652e-23
0.0014433570536787703,5.86081673071175e-08,1.191454411970348e-12,2.699066890349684e-11,1.5089723497683687e-22,3.0155040858803805e-15,-2.5634272568930873e-23
0.0017323299552694973,1.5492259024460788e-07,1.1084189724369715e-10,8.38407980841239e-12,-2.5374349311780013e-22,7.407325432821452e-16,3.062429436661275e-23
0.001633838022477479,1.3407719764948426e-07,3.5691030797020835e-12,4.007429659329939e-11,-4.373189933293907e-22,1.3696386679998859e-14,-1.9608642830336099e-22
0.0016097676142385162,1.4047269141913544e-07,3.0495408230511916e-12,1.4934613403253047e-11,-3.62391498452238e-23,-4.29954808464203e-15,-9.404741232598109e-23
0.0015537062761066295,1.697962561690339e-07,8.018095570288103e-12,2.638932326536177e-11,4.3701336437705286e-23,1.050507177376846e-14,-3.813688205727205e-22
0.0015989098754243974,2.198268031370758e-07,2.049088573426002e-11,2.822394131772062e-11,-5.1881344742784897e-23,1.147910375449885e-14,-6.767595978218919e-22
0.0015907540508457612,1.7467052584879137e-07,1.881288370371566e-11,2.527503969156803e-11,1.6304263124336798e-22,9.953472753259028e-15,5.264763319102157e-22
0.0016240859246087931,1.2278297860785146e-07,5.3045913388384846e-11,2.0934254421431706e-11,-6.965935104287226e-22,-6.6456728435274555e-15,-3.7631203495647204e-23
0.001654123399500586,1.1042485154836497e-07,2.233947109937614e-11,1.740478595062857e-12,2.4100514262116673e-24,-4.603750723674888e-16,-1.0581760630492416e-23
0.0015956162519543157,1.740823123813614e-07,9.998198243917857e-12,7.238195059217332e-12,-6.102065589578453e-23,2.028357031002965e-15,-8.245781972203452e-24
0.001617831545110636,9.836728907906196e-08,9.135737290157942e-11,1.0512835825588468e-10,4.177227226860148e-21,3.260451630243791e-14,9.417891426660387e-21
0.0015747649137609473,2.0735859735257473e-07,1.2233827646591317e-11,1.704633211308805e-11,-4.9161598515037835e-23,6.7931549415029554e-15,-2.412067685238669e-22
0.0016366063631720951,1.0246873331972973e-07,2.8775846945492413e-11,2.5634410757254065e-11,1.227235143877535e-22,7.698378985346244e-15,6.853225274633305e-22
0.0015563946445046753,7.60106456142858e-08,3.022408892780942e-11,1.9923211932415693e-11,2.272906853178836e-22,4.702680538112047e-15,-4.328479128492724e-22
0.0014248237557377848,6.49896274439491e-08,5.095914835340294e-12,3.8638504650242916e-11,4.80070561667999e-22,6.485980256173684e-15,2.519697850924771e-22
0.0016123208859872475,1.299304112335501e-07,4.385556277771541e-12,9.053703015584343e-11,4.859770916826316e-22,3.2628066840836233e-14,-1.7373743823177974e-21
0.0015749731509064405,1.33902100004799e-07,2.660240934274452e-11,1.2921209689385868e-11,-1.1377398810641012e-22,7.437191503323671e-16,2.1081917010690137e-22
0.0015541970866792764,1.6703356512944e-07,7.662785162266579e-12,6.017214860332048e-12,-6.892857779271123e-24,-1.1725559442814546e-15,4.0273287789926776e-23
0.0016414999090934562,1.1884713036165408e-07,2.1105043663594534e-11,1.0088903631071313e-12,1.4850189598552399e-24,-2.8618229727639745e-16,-4.412218945588406e-24
0.0016463858608797375,1.5678405518200787e-07,1.4353695158474072e-12,4.250667577447506e-11,-2.9294848924910937e-22,1.555472231835943e-14,-1.5626948632578908e-22
0.0015832689189831848,1.4124344830276235e-07,3.8707943241714865e-12,9.95376301551561e-12,-6.003253487156747e-23,-3.722321882661898e-15,-1.4609750088746592e-23
0.0015863345423297941,1.4825483505660185e-07,8.684926029799813e-12,8.718079005124185e-12,-7.344096300187084e-23,2.7195028470953076e-15,-1.9005322809382174e-23
0.0015737243940313244,1.7429842227001842e-07,1.8467890075909562e-11,2.2721442232723946e-11,1.3804034900317331e-22,8.832268952844415e-15,4.444975105689143e-22
0.001700884364225579,9.995844639860196e-08,6.843107653084603e-11,6.887198904330451e-12,-4.795804123897845e-23,-8.476611624175333e-16,-1.41616964853821e-22
0.0016133928823373277,1.2647956979798392e-07,7.619711227517132e-11,2.4179354523965384e-12,-2.840930465867081e-23,1.611478666381836e-16,1.643327628520672e-23
0.0016362212942867024,1.6217178279777592e-07,1.9076820797838513e-11,5.2909461760424003e-11,-9.327445225851783e-22,2.0264234808780935e-14,-1.398412455015399e-21
0.0019615106541565784,9.083804456769434e-08,1.0422220751676059e-10,8.887836793058124e-11,-6.832723682302176e-21,2.5854164447264853e-14,-5.146502314995144e-21
0.0017080860643106635,1.0176868765128521e-07,7.884563100472193e-11,5.913169975646861e-12,5.145506916463455e-23,-1.2629112913823703e-15,-1.1685159194601717e-22
0.0015897796097512809,4.9749240140962913e-08,5.354587891565466e-11,1.2878291695071979e-11,-6.27177825467064e-23,2.222150410752378e-15,-3.3231536966030634e-22
0.001611868419293895,2.3667145101358404e-07,1.0662030306907428e-11,7.032768550428052e-12,-5.674646489607966e-23,1.4696870651059992e-15,-2.210236792197584e-23
0.001637316359831165,1.5082469821777762e-07,2.981186986570464e-12,4.084834739781133e-11,-4.4640691359314e-22,1.4584609579873113e-14,-6.257566864779292e-23
0.00163357815644351,1.0103225130568453e-07,6.15007961773413e-11,1.0115431659477741e-10,3.913598872453414e-21,3.2151239145925874e-14,6.952622547315924e-21
0.001602587199465396,1.9682117425747613e-07,7.761966395608107e-12,4.726048787864122e-12,-2.667969299379789e-23,4.989519914945842e-16,1.0370059644277339e-23
0.0016463271621971255,1.1672717212819535e-07,2.5196719078462324e-11,1.4757324333169636e-12,-4.088217533485907e-24,-2.596418506524057e-16,-8.016510635796104e-24
0.0016050205459075245,7.8001901509021e-08,2.2887427865738725e-11,2.0918735520690563e-12,-1.0955061459026751e-23,5.254773049983304e-16,-9.460228008115549e-24
0.0017180395569884543,2.0708869077789737e-07,4.780770419063396e-11,8.313449804084036e-12,1.5197803233244295e-22,-3.7807700010662584e-15,-6.61181260497116e-23
0.001608671638130185,8.085434438087262e-08,1.966153363290196e-11,3.1898938536188413e-12,-2.41511990793414e-23,2.824323150310066e-16,-7.40971247282493e-24
0.0016066898334244509,1.2727770964385601e-07,1.0679904130991624e-11,7.468387665916282e-11,-3.3967472302115732e-22,2.6546914409550617e-14,-2.0816994552273014e-21
0.0015861312486366499,1.918552189573729e-07,1.9957865648725517e-11,1.2309258889841868e-11,4.427853492184225e-23,4.859629421232021e-15,1.8778252755392037e-22
0.001959450654888625,8.4288460720297e-08,5.419127610407364e-11,8.64834675792099e-11,-9.67446523256096e-22,2.444203641042261e-14,-5.8410039526865595e-21
0.0019590477246247077,9.475417149482687e-08,2.0579681117173102e-10,8.934308825864838e-11,-1.1421078643723678e-20,2.7183432594481342e-14,-4.040251540613756e-21
0.0016106981768600624,2.234398230855699e-07,8.962144595592086e-12,6.774525008557513e-12,-5.0613653842646766e-23,1.6463476644994899e-15,-1.498967498757863e-23
0.0016369888310882744,1.3260552853379188e-07,4.426519563232199e-12,4.968519351856923e-11,-7.328072050037411e-22,1.6555932333520143e-14,7.696091228018592e-23
0.0018422144899128351,2.8776471499045204e-09,6.902381189141877e-11,1.2620619718301557e-11,2.857076100586546e-22,-4.1422194328464306e-16,-2.390056787314168e-22
0.0016270580484645612,1.3308674109287758e-07,1.722610813102772e-11,7.457725780331131e-11,6.15677248143666e-22,2.7052461256204065e-14,-2.601155528148425e-21
0.0015775050896344284,6.892128036917491e-08,1.0968381849111534e-11,1.1096803376830111e-11,-9.30301463561438e-24,-1.39501073797612e-15,-1.2207045834352833e-22
0.0014341026403139414,5.892128335068177e-08,2.413317129709009e-11,8.15203508600053e-11,3.0332444098257555e-21,1.8118690787351093e-14,1.968133591534388e-21
0.0015576233896429006,1.6764577999849494e-07,7.2235354802785755e-12,6.3605130532121266e-12,-2.583096027236499e-23,-8.232665411550682e-16,3.4518604569729015e-23
0.001591244877362787,1.266788477448557e-07,2.3223719862320624e-11,1.439636605971541e-11,-2.622925045098796e-22,-4.8424729780942314e-15,2.22668290780701e-23
0.001717182367119291,1.4736532697952151e-07,5.769030229344651e-11,1.0175564988203196e-11,-2.456776794063117e-22,1.4499738280219625e-15,-2.061449135843041e-23
0.001571249067146581,1.6537013803094167e-07,1.6281826851984336e-11,2.998699894496641e-11,2.246842100268404e-22,1.153652147148059e-14,6.233418323170932e-22
0.001638000725207113,1.4781410006374682e-07,2.1031544394264064e-12,4.7251699170054657e-11,-4.601598270725239e-22,1.6817561662070566e-14,-1.0067591952350996e-22
0.0015584174688111504,1.9438218112758952e-07,1.2311078651581285e-11,4.909162561546095e-12,-2.1552525225658433e-23,1.047905553106668e-15,3.149626975450093e-23
0.001710918333196179,9.702428374676304e-08,7.886312058205612e-11,5.281938551217577e-12,1.6201009030957595e-24,-7.264696026343685e-16,-1.0778986952425714e-22
0.0016362939138577,1.5084007880378984e-07,1.2090731903955157e-11,5.0022611136964534e-11,-9.470715280749858e-22,1.844001203139443e-14,-7.851422323627135e-22
0.001931633805787535,4.253475698017777e-09,7.186475321170344e-11,2.965788880661213e-11,-1.5225701348649994e-22,5.679719014599828e-16,-1.3607125954976908e-21
0.0015436017930925544,1.709688117151628e-07,5.877782975349211e-12,5.1575063460858385e-12,-2.7747568449108976e-23,-1.1156322067952017e-16,-6.036526798352448e-24
0.0016140376469140048,1.0327098938540081e-07,3.371133656816892e-11,1.1178591970824579e-11,1.5923433485648706e-22,-3.1991189668554423e-15,1.474291641474346e-22
0.0017972861796601894,2.0765593354140715e-09,4.5995547858625493e-11,2.240582219299289e-11,5.953909389565199e-22,3.526623504005923e-16,-4.035793670148643e-22
0.0015916648348996048,1.2633203359361515e-07,4.03124382697215e-12,7.584854517566711e-11,-2.2987261840864485e-23,2.6874602899550745e-14,-1.3260966450379883e-21
0.0016421109282588396,1.2632455265868668e-07,1.2788216116294042e-11,2.503956814953852e-12,8.990488031978763e-24,-7.647807626551205e-16,1.0951587351825932e-23
0.0018740030737048208,4.651267318603239e-09,5.6840015188752906e-11,3.104716883259217e-11,2.249415356818578e-22,5.4817585081707e-16,-1.2847036664221285e-21
0.0016023024930113868,1.273817943911302e-07,3.8577396756818995e-11,1.633304593771765e-11,-3.8133028733302097e-22,-4.655070213089482e-15,1.5058002668819908e-22
0.0016572752395460516,1.6930766076399516e-07,3.0174767150244703e-12,2.321871470108028e-11,-4.469852028879293e-23,8.476972537423651e-15,-1.891376209847937e-22
0.0016359513678017102,1.1401560277530839e-07,8.104858307704353e-11,1.1765143792472245e-10,4.7358373065136565e-21,3.971702351643387e-14,1.0467123036651491e-20
0.001724132418169376,1.5228651154601027e-07,3.1965175589938286e-11,6.21554599774789e-12,5.637591714412363e-23,-1.9563157524386532e-15,-6.706267348718852e-23
0.001620633704125446,1.3482460493237706e-07,9.645197222778698e-12,4.2665471665988466e-11,-8.491264838620136e-22,1.458472882937544e-14,-1.6758844014119977e-22
0.0015917240010909154,1.8612256901895403e-07,2.203054013801927e-11,1.7873717324626468e-11,1.1849314717907814e-22,7.229538724686895e-15,3.342996172083377e-22
0.0016073351488545345,1.238006057250741e-07,3.9533195372890396e-12,7.839191969979277e-11,-3.364613743696293e-23,2.754993536412562e-14,-1.37961781464219e-21
0.001439664439209875,5.41654292039824e-08,1.5237503102182662e-11,8.627926369057073e-11,2.402523986672469e-21,1.758559849944451e-14,2.003623436244987e-21
0.0016100876789546898,1.2249848700181827e-07,1.0358276574044109e-11,7.835480101563244e-11,-1.9155683770769748e-22,2.7357391004156148e-14,-2.2240123304302524e-21
0.0015521077667919434,1.7308303310077006e-07,6.212956918162086e-12,5.337128754459661e-12,-3.0411750612139393e-23,1.2513705535462728e-16,-4.434823525654181e-24
0.0017234872842607826,1.3816465133128896e-07,3.357682343439843e-11,5.019924548393087e-12,5.365864989562573e-23,-1.7378246721134882e-15,3.698956147715814e-23
0.0015840451762578788,7.377695664302571e-08,2.502480593196397e-11,1.4047873785699921e-11,3.854237476552262e-23,3.655007854414285e-15,-2.6055595825871223e-22
0.0014531552900983154,5.1399570328591985e-08,1.2853762485194966e-11,8.294885393971462e-11,2.1047325506382966e-21,1.6313904240006064e-14,1.7047394716682956e-21
0.0015785019968753572,1.8349201550561696e-07,2.1011589836348876e-11,1.744929081793817e-11,9.749771537045529e-23,6.879888964896454e-15,3.195733223414662e-22
0.001629013398434766,1.0718348309128841e-07,2.8636569107050284e-11,2.3584539571934855e-11,1.0747743659300836e-22,7.289993404030772e-15,6.034200242719058e-22
0.0016200058028960369,1.3366684024587567e-07,8.240406588887328e-11,2.4464579103524706e-11,-6.372885316242789e-22,-2.819467581436971e-15,8.946839333128611e-22
0.0016311212547417062,7.117515544531851e-08,2.4374839699458857e-11,5.168049610643925e-11,5.510982693525545e-22,1.3573576200958408e-14,1.749514344218588e-21
0.0015566038517271573,1.6561588992382274e-07,1.2654011012100198e-11,6.113712069331614e-12,-2.5412894233424706e-23,-1.8021857647633401e-16,4.739005879492661e-23
0.0016283091848097366,7.40236163416557e-08,1.097752209227259e-11,1.6776345411156385e-11,-2.273423018397282e-22,3.9862398248632146e-15,1.2136330371611965e-23
0.0015904639742561617,1.3263001117464695e-07,8.822490452840796e-11,1.7429299322116064e-11,-5.967126032233077e-22,-5.417676936876959e-15,3.332518258143602e-22
0.001638548899146157,1.4321651188096697e-07,1.0103063111589428e-10,2.965342984978369e-11,-4.037115268015414e-23,1.58301165620133e-15,1.622574127979748e-21
0.0016105083348358891,1.258568025267229e-07,4.0148895859580625e-12,7.857777601168289e-11,-2.4185995206929044e-23,2.781499807719321e-14,-1.3954721811701222e-21
0.0015900132192332868,1.9017857282375628e-07,2.0906844570824086e-11,1.2208733614974751e-11,3.8160964430728885e-23,4.785144706612369e-15,1.9128246705105445e-22
0.0019104021772216638,1.766096032810578e-07,2.291304087170837e-10,7.125462688780478e-11,7.518486612722472e-21,2.8137278546746393e-14,-5.13479682214632e-21
0.0014286892855488375,6.589366381528944e-08,2.8269943221173506e-12,3.285626917567497e-11,2.8534960681711615e-22,4.8894523182317645e-15,1.3728657047624044e-22
0.0015567703896148498,7.63973097251748e-08,3.008027475545311e-11,1.9820126259840583e-11,2.2406902201113576e-22,4.6864777699477585e-15,-4.289530377285901e-22
0.0018960948484999505,7.338912699118016e-08,8.039135977003677e-11,1.2122314886772748e-10,-3.998168919921405e-21,2.5294936516131306e-14,-1.1279283767068485e-20
0.0014417154598231276,6.57580671431751e-08,6.419653992538622e-12,4.337059772274467e-11,6.35890018438041e-22,7.361408407657402e-15,3.454884918058083e-22
0.001617552906522872,8.430624893500623e-08,1.2801854003515645e-11,1.5952373684246331e-12,6.461839065119378e-24,-4.62040910601879e-16,3.195961324561333e-24
0.0017002046005953177,9.069810266737403e-08,8.559202241590048e-11,5.290964971718698e-12,-2.8032176070814174e-24,-4.3413325109426424e-16,-1.1256006535132723e-22
0.001623983535286041,1.309705816128008e-07,7.364784201476475e-11,2.3273601319426565e-11,-6.196061330922697e-22,-3.3528008941512683e-15,7.379171561059827e-22
0.0014327559134183778,5.740478824268728e-08,1.5548378960496964e-11,7.936180049406812e-11,2.4681046965416455e-21,1.6800879781840268e-14,1.2962345820982e-21
0.0016188866959600092,1.778674284865069e-07,7.029493098970112e-12,1.8979994782536723e-11,-1.3367679436826463e-22,6.902626588035116e-15,1.737632572562218e-22
0.0015683824290295468,1.6714281650727522e-07,8.241371311868026e-12,6.770616246237595e-12,-5.612413022495761e-24,-1.4434225084155713e-15,5.026334512102557e-23
0.001647282860099909,1.3966767448360987e-07,1.8402561036600407e-11,6.271527856388403e-12,-5.547421414123079e-23,-1.3142057041507369e-15,3.823624347950278e-23
0.0019018590162161156,7.91246438950795e-08,2.1482094311221907e-10,1.2143069734600866e-10,-1.5913073456973933e-20,3.400607754547585e-14,-1.1463893745565598e-20
0.0016029979658445078,1.9529000860073607e-07,8.319078439560963e-12,6.42636404874235e-12,-4.692259380971141e-23,1.51561441675288e-15,-2.475573970588576e-24
0.0015760335866759482,1.7801286311402572e-07,2.1426876925102486e-11,2.381642189893178e-11,2.135890864693399e-22,9.499941353496713e-15,4.938011851854764e-22
0.0016826030093495307,1.1026743826707837e-07,8.696891574204254e-11,9.811339301935059e-12,-2.805476970358146e-22,1.2821796698092179e-15,5.858242654978977e-23
0.0015594452325513597,1.6897402961114583e-07,7.824957995459791e-12,7.280478196563035e-12,-4.4294994592816025e-23,1.1781033520951167e-15,-3.2521363440271123e-23
0.001634542033310814,1.3933994135602383e-07,2.0178343691319712e-12,5.3258042302384984e-11,-5.513076955114418e-22,1.8479086284361846e-14,-2.9634038257958046e-23
0.001957584414549324,7.49858560574253e-08,9.404578362264884e-11,8.029509526006303e-11,3.208991556816526e-21,2.161178449446939e-14,-6.1958558453487134e-21
0.0014439812442891497,6.243141869358382e-08,2.5209205080289423e-11,7.591692703150493e-11,2.510351565220925e-21,1.715688038495521e-14,2.174424595421874e-21
0.0015848335422084796,1.4361718407355037e-07,9.347122683466566e-12,5.89902626049427e-12,-4.1449460706387487e-23,1.118708620607659e-15,1.4166671697684423e-23
0.0016203138627217226,9.81732622614283e-08,3.5179748973770405e-11,1.1182272394481198e-11,1.7711563028931377e-22,-3.0845077430972144e-15,1.3349436754429756e-22
0.001893210374835181,1.896436951537547e-08,2.633493980915827e-11,1.0887729393823392e-11,5.59744507244492e-23,1.1283249181892105e-15,-1.7565967787858138e-22
0.0017012359363402258,1.3265779624315592e-07,2.334046863094672e-11,7.997316076299212e-12,7.027492649118465e-23,-2.772110692376495e-15,-8.366439520681413e-23
0.0015581411362977247,1.6474584978450068e-07,1.0632925743508734e-11,6.085777578064882e-12,-2.244477019615312e-23,-2.9559806409458466e-16,4.3507038333618096e-23
0.0016269125636524328,1.4632918285419756e-07,6.227211482714596e-12,4.207618272187997e-11,-6.590517105944433e-22,1.4707141255746372e-14,-1.7183596774754392e-22
0.0016409839209706508,1.3830151207815646e-07,5.1761372090974184e-11,6.702940870966675e-12,-1.245098139168535e-22,-8.258718180681577e-16,-9.25854918530217e-24
0.0016181205711898986,6.860224065992803e-08,1.1363956710411583e-11,1.2096480930273534e-11,-1.1163276163138162e-23,4.2378899395324125e-16,-1.4138516129785485e-22
0.0015971126241426932,1.2256166732486339e-07,2.74369917339588e-12,8.029854732798673e-11,2.219247857058856e-22,2.8064279953826654e-14,-1.1710291680924924e-21
0.0019440115446859255,8.203464578631281e-08,8.218520267098611e-11,1.143309756839267e-10,1.894235138632457e-21,3.0507209157974267e-14,-1.0919545483594404e-20
0.0014447884134308202,5.997643432745136e-08,3.030073883424074e-11,8.548970768040349e-11,3.2386010508903295e-21,1.930547869711624e-14,2.9057504330118855e-21
0.0019525427288446064,1.0517469588324164e-07,1.3856627411117548e-10,1.05646958808822e-10,-1.1662672455465441e-20,3.385141016445906e-14,-5.2319427297979916e-21
0.0018936058712101973,1.3259669819923262e-09,2.1140287338644414e-10,9.70289858403662e-11,8.561675519297967e-21,2.217018107789451e-15,-1.0945886211719804e-20
0.0015375840307776454,6.077207753115838e-08,3.534781037438556e-11,1.9500719661057858e-11,1.998309143418939e-22,4.163264400531772e-15,-4.71376941626799e-22
0.00157470233917469,7.341067273558428e-08,1.4815937560548927e-11,8.919128737868643e-12,4.9403189524022683e-23,-1.3667991654009646e-15,-8.98420456429004e-23
0.0017083907287877074,1.2292465569652463e-07,2.6080345194377848e-11,7.637737473702434e-12,4.679981213895042e-23,-2.287116621512909e-15,-9.710723298238372e-23
0.0017115609095557428,1.29423864876896e-07,2.3898631738202495e-11,5.4898879469549205e-12,6.212545723894173e-23,-1.9160385485193906e-15,9.729937612876628e-24
0.0016056258841337131,1.0545190568221726e-07,5.484855546671294e-11,6.458369954936816e-12,1.192868513610714e-22,-1.2743899563512379e-15,2.3363795316213948e-23
0.0016363459749309099,8.061813848056288e-08,2.100456070276544e-11,5.583941199195825e-11,1.0790379530935526e-21,1.5752330018110535e-14,1.57885116488323e-21
0.0019611674212067307,9.392588308973932e-09,1.2789537418766986e-10,9.904622223191543e-11,2.2806414095202105e-21,9.44675674838266e-15,-1.091188932613263e-20
0.0016375101032987578,1.242804643979466e-07,1.3112177890855076e-11,2.4792832571545636e-12,1.3306983047735131e-23,-8.687447970886823e-16,4.769778954108333e-24
0.0015711834056476267,1.5213338381071182e-07,8.27185711545733e-12,1.277477994752997e-11,-9.316864478249334e-23,4.566622756856704e-15,-9.254516712958788e-23
0.001624724606803635,9.87468896752116e-08,3.0628080802382286e-11,2.3112107769942674e-11,9.916388774976878e-23,6.878884839211137e-15,6.068724596930561e-22
0.0019037523100178747,1.0605842458612697e-07,1.1063937489901588e-10,1.4687696724551582e-10,1.1679597879026475e-20,4.3514567145859435e-14,-1.4633994956314155e-20
0.0016529215214051167,1.1980679820673185e-07,1.5287947316144398e-11,2.5579732891228057e-12,1.0213537285733374e-23,-8.096540211342695e-16,-1.2311139567659376e-23
0.0017131803440274653,1.9547224904747087e-07,5.265907729456218e-11,6.8312787831888494e-12,5.352089369088731e-23,-2.717332120563992e-15,-1.1799471556085395e-22
0.0016118891938448772,1.230167011629731e-07,3.8798930003007565e-11,1.8616899690411374e-11,-4.9720952608060335e-22,-6.2505331096188016e-15,-5.594068860610312e-23
0.0016918836723123286,1.0276344133267902e-07,8.865078000623606e-11,3.0158660275899537e-12,4.8103652382238544e-23,-8.540619695461686e-16,-1.0852988133032609e-23
0.0015899927755086813,1.8875586422759096e-07,2.0937848478127557e-11,1.3234867654878473e-11,4.874949427838162e-23,5.225972776247165e-15,2.148545807489161e-22
0.0016230930380701503,1.2902498688134708e-07,8.306248793382616e-12,4.8878828143699624e-11,-9.734747664364722e-22,1.6427201049628632e-14,-1.4945552887869684e-22
0.0019640694584197073,1.2860222759517156e-08,1.8064587111727701e-10,1.2313046937944452e-10,6.905491668749076e-21,1.3706205608310878e-14,-1.701596236501084e-20
0.0018639735543099917,2.2318493079759324e-09,7.653706603984397e-11,2.2852360739726105e-11,3.816437133406259e-22,-4.703950696778361e-16,-8.762171662418288e-22
0.001636836692876364,1.2872976661564193e-07,4.740210535838293e-12,3.1293990878498095e-11,-2.2552491753236244e-22,1.068948506251068e-14,-3.072621574722767e-22
0.001699092561389909,1.360091946049679e-07,2.5930850807072864e-11,5.506840576224451e-12,6.386739643465769e-23,-2.0273540188178665e-15,-1.5853025515878822e-23
0.0016133343931666413,1.2444581713847305e-07,7.133798776322487e-12,3.3356186262063346e-11,-4.3713827027409845e-22,1.1095148614213665e-14,-2.714197894852326e-22
0.0014347258684737386,6.112937353859476e-08,9.995253493517018e-12,5.335881367307131e-11,1.1113349044828495e-21,9.863602138444988e-15,5.323777167119648e-22
0.001626956014213208,1.1605776875443806e-07,1.5090902634253786e-11,2.6957194598981636e-11,-2.799477386941977e-22,9.023661844135743e-15,-4.661040630988446e-22
0.0015983121944589365,1.2474552000105477e-07,8.658530487026742e-11,1.8882377083277874e-11,-6.371854708935748e-22,-5.7207912734827556e-15,4.2062061257749326e-22
0.0016222599643028338,6.817929338999031e-08,1.3608719659824112e-11,1.1643403736955775e-11,2.188596795775901e-23,8.744983920962537e-17,-1.4492113426360096e-22
0.0015513396378249913,1.669381580668369e-07,7.0072289093841354e-12,5.4289095402484646e-12,-1.2931262561712701e-23,-5.341330770507582e-16,3.088664941538663e-23
0.0017090821711069426,1.082623457680225e-07,5.2441349114570724e-11,7.977387132733214e-12,-5.179909189540215e-24,-1.612450763374989e-15,-1.630831051724687e-22
0.0019356731655884862,1.5184607606216336e-07,1.628571035279204e-10,9.393554033185212e-11,7.392466215285214e-21,3.267867001726744e-14,-8.963250810236516e-21
0.0015991646632263043,7.546509679523221e-08,1.6242262540757012e-11,4.323650383918792e-12,-2.6807254408040264e-23,5.58883025434627e-16,-2.4375604597905952e-23
0.0019122803755912269,1.460224988116301e-08,2.8540005062772432e-11,1.491994337179239e-11,-1.1234552393661793e-22,1.2170909358379488e-15,-2.866478077171282e-22
0.001989177076763408,6.012253209657998e-08,3.9667809225348445e-11,1.6637267751435308e-11,-1.1381183367169958e-22,4.013548314804712e-15,-4.1197575075486434e-22
0.0016447566469546952,9.023984197686621e-08,7.326106557994138e-11,1.383607685883887e-11,-3.830502079575433e-22,1.6070221241248324e-15,2.175358815062264e-22
0.0016028587180663318,6.596219169700512e-08,1.4811477835181173e-11,2.4045950008067192e-12,-1.1273649504690691e-23,-1.8069304443445416e-16,8.879020485224959e-24
0.0016136657960136237,7.339283232314193e-08,1.0896121995169493e-11,1.7118117390108723e-11,-2.335169751295806e-22,3.884249045053459e-15,-1.1228903742278202e-23
0.0016273762817582658,9.949323960835307e-08,8.81377405249032e-11,9.825373865231403e-11,4.144778320805215e-21,3.0952404915157876e-14,8.149930606700081e-21
0.0016552178964387434,1.3084967091253385e-07,4.474255636407763e-11,3.6184897561117776e-11,1.2091189036082769e-21,8.346104102156823e-15,8.110920256433858e-22
0.0016486340872444503,1.3586014445653063e-07,8.964696200022876e-12,5.279199300393009e-12,-4.755821775760454e-24,-1.4719515432685685e-15,3.6005094574931e-23
0.0015709965034958694,1.7084963450391278e-07,1.7551938341382907e-11,2.5090292567453818e-11,1.613267609976846e-22,9.706213511491336e-15,5.012035274080444e-22
0.0015790107970133185,5.087977528341379e-08,7.458088377641825e-11,2.4517634395093744e-11,2.5943782551361717e-22,4.825852699810444e-15,-1.0158040388581695e-21
0.001660637303702443,1.2360462592292902e-07,1.743015348061676e-11,1.4244359433493225e-12,5.6941528047945105e-24,-4.904017929979634e-16,-4.237139944550024e-24
0.0019493443835982096,6.868212911992766e-09,7.179310367621517e-11,2.5666854185257428e-11,-6.477526583432891e-22,1.5512513285104396e-15,-8.912721808157603e-22
0.0016413812766187964,1.1788659090187334e-07,2.26151793881966e-11,1.416543952334577e-12,2.3199300976629998e-24,-3.972938620881964e-16,-7.674636514506113e-24
0.0016161111774096893,1.2573761141487436e-07,2.1518790765136073e-11,1.6549389110246215e-11,-2.557624195946694e-22,-5.793689326709636e-15,-1.792242185095754e-22
0.0016422179210999668,1.3252846070160232e-07,9.824852380656484e-12,3.3841020997906806e-12,5.9066235145487695e-24,-8.502889815758832e-16,1.859774877193584e-23
0.001564517633463638,1.3719141813643867e-07,1.720427708771472e-11,1.13637349971253e-11,-1.0266355630428621e-22,9.635483580820113e-16,1.2127081031504173e-22
